<?xml version="1.0" encoding="UTF-8" ?>
<webTalkData  fileName='usage_statistics_webtalk.xml'  majorVersion='1' minorVersion='0' timeStamp='Mon Apr 20 21:44:12 2020'>
<section name="__ROOT__" level="0" order="1" description="">
 <section name="software_version_and_target_device" level="1" order="1" description="">
  <keyValuePair key="beta" value="FALSE" description="" />
  <keyValuePair key="build_version" value="2708876" description="" />
  <keyValuePair key="date_generated" value="Mon Apr 20 21:44:09 2020" description="" />
  <keyValuePair key="os_platform" value="LIN64" description="" />
  <keyValuePair key="product_version" value="Vivado v2019.2 (64-bit)" description="" />
  <keyValuePair key="project_id" value="051fbd78c3814ccca8a2ccb4da252cb7" description="" />
  <keyValuePair key="project_iteration" value="16" description="" />
  <keyValuePair key="random_id" value="5c92fc00ac5552d3bb4207787ea22240" description="" />
  <keyValuePair key="registration_id" value="5c92fc00ac5552d3bb4207787ea22240" description="" />
  <keyValuePair key="route_design" value="TRUE" description="" />
  <keyValuePair key="target_device" value="xc7z020" description="" />
  <keyValuePair key="target_family" value="zynq" description="" />
  <keyValuePair key="target_package" value="clg400" description="" />
  <keyValuePair key="target_speed" value="-1" description="" />
  <keyValuePair key="tool_flow" value="Vivado" description="" />
 </section>
 <section name="user_environment" level="1" order="2" description="">
  <keyValuePair key="cpu_name" value="Intel(R) Core(TM) i3-3110M CPU @ 2.40GHz" description="" />
  <keyValuePair key="cpu_speed" value="1197.399 MHz" description="" />
  <keyValuePair key="os_name" value="Ubuntu" description="" />
  <keyValuePair key="os_release" value="Ubuntu 18.04.2 LTS" description="" />
  <keyValuePair key="system_ram" value="3.000 GB" description="" />
  <keyValuePair key="total_processors" value="1" description="" />
 </section>
 <section name="ip_statistics" level="1" order="3" description="">
  <section name="IP_Integrator/1" level="2" order="1" description="">
   <keyValuePair key="bdsource" value="USER" description="" />
   <keyValuePair key="core_container" value="NA" description="" />
   <keyValuePair key="da_axi4_cnt" value="13" description="" />
   <keyValuePair key="da_axi4_s2mm_cnt" value="3" description="" />
   <keyValuePair key="da_clkrst_cnt" value="1" description="" />
   <keyValuePair key="da_ps7_cnt" value="4" description="" />
   <keyValuePair key="iptotal" value="1" description="" />
   <keyValuePair key="maxhierdepth" value="0" description="" />
   <keyValuePair key="numblks" value="15" description="" />
   <keyValuePair key="numhdlrefblks" value="0" description="" />
   <keyValuePair key="numhierblks" value="6" description="" />
   <keyValuePair key="numhlsblks" value="1" description="" />
   <keyValuePair key="numnonxlnxblks" value="1" description="" />
   <keyValuePair key="numpkgbdblks" value="0" description="" />
   <keyValuePair key="numreposblks" value="9" description="" />
   <keyValuePair key="numsysgenblks" value="0" description="" />
   <keyValuePair key="synth_mode" value="OOC_per_IP" description="" />
   <keyValuePair key="x_iplanguage" value="VERILOG" description="" />
   <keyValuePair key="x_iplibrary" value="BlockDiagram" description="" />
   <keyValuePair key="x_ipname" value="design_1" description="" />
   <keyValuePair key="x_ipvendor" value="xilinx.com" description="" />
   <keyValuePair key="x_ipversion" value="1.00.a" description="" />
  </section>
  <section name="axi_crossbar_v2_1_21_axi_crossbar/1" level="2" order="2" description="">
   <keyValuePair key="c_axi_addr_width" value="32" description="" />
   <keyValuePair key="c_axi_aruser_width" value="1" description="" />
   <keyValuePair key="c_axi_awuser_width" value="1" description="" />
   <keyValuePair key="c_axi_buser_width" value="1" description="" />
   <keyValuePair key="c_axi_data_width" value="64" description="" />
   <keyValuePair key="c_axi_id_width" value="1" description="" />
   <keyValuePair key="c_axi_protocol" value="0" description="" />
   <keyValuePair key="c_axi_ruser_width" value="1" description="" />
   <keyValuePair key="c_axi_supports_user_signals" value="0" description="" />
   <keyValuePair key="c_axi_wuser_width" value="1" description="" />
   <keyValuePair key="c_connectivity_mode" value="1" description="" />
   <keyValuePair key="c_family" value="zynq" description="" />
   <keyValuePair key="c_m_axi_addr_width" value="0x0000001d" description="" />
   <keyValuePair key="c_m_axi_base_addr" value="0x0000000000000000" description="" />
   <keyValuePair key="c_m_axi_read_connectivity" value="0x00000002" description="" />
   <keyValuePair key="c_m_axi_read_issuing" value="0x00000008" description="" />
   <keyValuePair key="c_m_axi_secure" value="0x00000000" description="" />
   <keyValuePair key="c_m_axi_write_connectivity" value="0x00000001" description="" />
   <keyValuePair key="c_m_axi_write_issuing" value="0x00000008" description="" />
   <keyValuePair key="c_num_addr_ranges" value="1" description="" />
   <keyValuePair key="c_num_master_slots" value="1" description="" />
   <keyValuePair key="c_num_slave_slots" value="2" description="" />
   <keyValuePair key="c_r_register" value="0" description="" />
   <keyValuePair key="c_s_axi_arb_priority" value="0x0000000000000000" description="" />
   <keyValuePair key="c_s_axi_base_id" value="0x0000000100000000" description="" />
   <keyValuePair key="c_s_axi_read_acceptance" value="0x0000000800000002" description="" />
   <keyValuePair key="c_s_axi_single_thread" value="0x0000000000000000" description="" />
   <keyValuePair key="c_s_axi_thread_id_width" value="0x0000000000000000" description="" />
   <keyValuePair key="c_s_axi_write_acceptance" value="0x0000000200000008" description="" />
   <keyValuePair key="core_container" value="NA" description="" />
   <keyValuePair key="iptotal" value="1" description="" />
   <keyValuePair key="x_ipcorerevision" value="21" description="" />
   <keyValuePair key="x_iplanguage" value="VERILOG" description="" />
   <keyValuePair key="x_iplibrary" value="ip" description="" />
   <keyValuePair key="x_ipname" value="axi_crossbar" description="" />
   <keyValuePair key="x_ipproduct" value="Vivado 2019.2" description="" />
   <keyValuePair key="x_ipsimlanguage" value="MIXED" description="" />
   <keyValuePair key="x_ipvendor" value="xilinx.com" description="" />
   <keyValuePair key="x_ipversion" value="2.1" description="" />
  </section>
  <section name="axi_dma/1" level="2" order="3" description="">
   <keyValuePair key="c_dlytmr_resolution" value="125" description="" />
   <keyValuePair key="c_enable_multi_channel" value="0" description="" />
   <keyValuePair key="c_family" value="zynq" description="" />
   <keyValuePair key="c_include_mm2s" value="1" description="" />
   <keyValuePair key="c_include_mm2s_dre" value="1" description="" />
   <keyValuePair key="c_include_mm2s_sf" value="1" description="" />
   <keyValuePair key="c_include_s2mm" value="1" description="" />
   <keyValuePair key="c_include_s2mm_dre" value="1" description="" />
   <keyValuePair key="c_include_s2mm_sf" value="1" description="" />
   <keyValuePair key="c_include_sg" value="0" description="" />
   <keyValuePair key="c_increase_throughput" value="0" description="" />
   <keyValuePair key="c_m_axi_mm2s_addr_width" value="32" description="" />
   <keyValuePair key="c_m_axi_mm2s_data_width" value="32" description="" />
   <keyValuePair key="c_m_axi_s2mm_addr_width" value="32" description="" />
   <keyValuePair key="c_m_axi_s2mm_data_width" value="32" description="" />
   <keyValuePair key="c_m_axi_sg_addr_width" value="32" description="" />
   <keyValuePair key="c_m_axi_sg_data_width" value="32" description="" />
   <keyValuePair key="c_m_axis_mm2s_cntrl_tdata_width" value="32" description="" />
   <keyValuePair key="c_m_axis_mm2s_tdata_width" value="32" description="" />
   <keyValuePair key="c_micro_dma" value="0" description="" />
   <keyValuePair key="c_mm2s_burst_size" value="256" description="" />
   <keyValuePair key="c_num_mm2s_channels" value="1" description="" />
   <keyValuePair key="c_num_s2mm_channels" value="1" description="" />
   <keyValuePair key="c_prmry_is_aclk_async" value="0" description="" />
   <keyValuePair key="c_s2mm_burst_size" value="256" description="" />
   <keyValuePair key="c_s_axi_lite_addr_width" value="10" description="" />
   <keyValuePair key="c_s_axi_lite_data_width" value="32" description="" />
   <keyValuePair key="c_s_axis_s2mm_sts_tdata_width" value="32" description="" />
   <keyValuePair key="c_s_axis_s2mm_tdata_width" value="32" description="" />
   <keyValuePair key="c_sg_include_stscntrl_strm" value="0" description="" />
   <keyValuePair key="c_sg_length_width" value="26" description="" />
   <keyValuePair key="c_sg_use_stsapp_length" value="0" description="" />
   <keyValuePair key="core_container" value="NA" description="" />
   <keyValuePair key="iptotal" value="1" description="" />
   <keyValuePair key="x_ipcorerevision" value="21" description="" />
   <keyValuePair key="x_iplanguage" value="VERILOG" description="" />
   <keyValuePair key="x_iplibrary" value="ip" description="" />
   <keyValuePair key="x_ipname" value="axi_dma" description="" />
   <keyValuePair key="x_ipproduct" value="Vivado 2019.2" description="" />
   <keyValuePair key="x_ipsimlanguage" value="MIXED" description="" />
   <keyValuePair key="x_ipvendor" value="xilinx.com" description="" />
   <keyValuePair key="x_ipversion" value="7.1" description="" />
  </section>
  <section name="axi_dwidth_converter_v2_1_20_top/1" level="2" order="4" description="">
   <keyValuePair key="c_axi_addr_width" value="32" description="" />
   <keyValuePair key="c_axi_is_aclk_async" value="0" description="" />
   <keyValuePair key="c_axi_protocol" value="0" description="" />
   <keyValuePair key="c_axi_supports_read" value="0" description="" />
   <keyValuePair key="c_axi_supports_write" value="1" description="" />
   <keyValuePair key="c_family" value="zynq" description="" />
   <keyValuePair key="c_fifo_mode" value="0" description="" />
   <keyValuePair key="c_m_axi_aclk_ratio" value="2" description="" />
   <keyValuePair key="c_m_axi_data_width" value="64" description="" />
   <keyValuePair key="c_max_split_beats" value="16" description="" />
   <keyValuePair key="c_packing_level" value="1" description="" />
   <keyValuePair key="c_s_axi_aclk_ratio" value="1" description="" />
   <keyValuePair key="c_s_axi_data_width" value="32" description="" />
   <keyValuePair key="c_s_axi_id_width" value="1" description="" />
   <keyValuePair key="c_supports_id" value="0" description="" />
   <keyValuePair key="c_synchronizer_stage" value="3" description="" />
   <keyValuePair key="core_container" value="NA" description="" />
   <keyValuePair key="iptotal" value="1" description="" />
   <keyValuePair key="x_ipcorerevision" value="20" description="" />
   <keyValuePair key="x_iplanguage" value="VERILOG" description="" />
   <keyValuePair key="x_iplibrary" value="ip" description="" />
   <keyValuePair key="x_ipname" value="axi_dwidth_converter" description="" />
   <keyValuePair key="x_ipproduct" value="Vivado 2019.2" description="" />
   <keyValuePair key="x_ipsimlanguage" value="MIXED" description="" />
   <keyValuePair key="x_ipvendor" value="xilinx.com" description="" />
   <keyValuePair key="x_ipversion" value="2.1" description="" />
  </section>
  <section name="axi_dwidth_converter_v2_1_20_top/2" level="2" order="5" description="">
   <keyValuePair key="c_axi_addr_width" value="32" description="" />
   <keyValuePair key="c_axi_is_aclk_async" value="0" description="" />
   <keyValuePair key="c_axi_protocol" value="0" description="" />
   <keyValuePair key="c_axi_supports_read" value="1" description="" />
   <keyValuePair key="c_axi_supports_write" value="0" description="" />
   <keyValuePair key="c_family" value="zynq" description="" />
   <keyValuePair key="c_fifo_mode" value="0" description="" />
   <keyValuePair key="c_m_axi_aclk_ratio" value="2" description="" />
   <keyValuePair key="c_m_axi_data_width" value="64" description="" />
   <keyValuePair key="c_max_split_beats" value="16" description="" />
   <keyValuePair key="c_packing_level" value="1" description="" />
   <keyValuePair key="c_s_axi_aclk_ratio" value="1" description="" />
   <keyValuePair key="c_s_axi_data_width" value="32" description="" />
   <keyValuePair key="c_s_axi_id_width" value="1" description="" />
   <keyValuePair key="c_supports_id" value="0" description="" />
   <keyValuePair key="c_synchronizer_stage" value="3" description="" />
   <keyValuePair key="core_container" value="NA" description="" />
   <keyValuePair key="iptotal" value="1" description="" />
   <keyValuePair key="x_ipcorerevision" value="20" description="" />
   <keyValuePair key="x_iplanguage" value="VERILOG" description="" />
   <keyValuePair key="x_iplibrary" value="ip" description="" />
   <keyValuePair key="x_ipname" value="axi_dwidth_converter" description="" />
   <keyValuePair key="x_ipproduct" value="Vivado 2019.2" description="" />
   <keyValuePair key="x_ipsimlanguage" value="MIXED" description="" />
   <keyValuePair key="x_ipvendor" value="xilinx.com" description="" />
   <keyValuePair key="x_ipversion" value="2.1" description="" />
  </section>
  <section name="axi_protocol_converter_v2_1_20_axi_protocol_converter/1" level="2" order="6" description="">
   <keyValuePair key="c_axi_addr_width" value="32" description="" />
   <keyValuePair key="c_axi_aruser_width" value="1" description="" />
   <keyValuePair key="c_axi_awuser_width" value="1" description="" />
   <keyValuePair key="c_axi_buser_width" value="1" description="" />
   <keyValuePair key="c_axi_data_width" value="64" description="" />
   <keyValuePair key="c_axi_id_width" value="1" description="" />
   <keyValuePair key="c_axi_ruser_width" value="1" description="" />
   <keyValuePair key="c_axi_supports_read" value="1" description="" />
   <keyValuePair key="c_axi_supports_user_signals" value="0" description="" />
   <keyValuePair key="c_axi_supports_write" value="1" description="" />
   <keyValuePair key="c_axi_wuser_width" value="1" description="" />
   <keyValuePair key="c_family" value="zynq" description="" />
   <keyValuePair key="c_ignore_id" value="0" description="" />
   <keyValuePair key="c_m_axi_protocol" value="1" description="" />
   <keyValuePair key="c_s_axi_protocol" value="0" description="" />
   <keyValuePair key="c_translation_mode" value="2" description="" />
   <keyValuePair key="core_container" value="NA" description="" />
   <keyValuePair key="iptotal" value="1" description="" />
   <keyValuePair key="x_ipcorerevision" value="20" description="" />
   <keyValuePair key="x_iplanguage" value="VERILOG" description="" />
   <keyValuePair key="x_iplibrary" value="ip" description="" />
   <keyValuePair key="x_ipname" value="axi_protocol_converter" description="" />
   <keyValuePair key="x_ipproduct" value="Vivado 2019.2" description="" />
   <keyValuePair key="x_ipsimlanguage" value="MIXED" description="" />
   <keyValuePair key="x_ipvendor" value="xilinx.com" description="" />
   <keyValuePair key="x_ipversion" value="2.1" description="" />
  </section>
  <section name="axi_protocol_converter_v2_1_20_axi_protocol_converter/2" level="2" order="7" description="">
   <keyValuePair key="c_axi_addr_width" value="32" description="" />
   <keyValuePair key="c_axi_aruser_width" value="1" description="" />
   <keyValuePair key="c_axi_awuser_width" value="1" description="" />
   <keyValuePair key="c_axi_buser_width" value="1" description="" />
   <keyValuePair key="c_axi_data_width" value="32" description="" />
   <keyValuePair key="c_axi_id_width" value="12" description="" />
   <keyValuePair key="c_axi_ruser_width" value="1" description="" />
   <keyValuePair key="c_axi_supports_read" value="1" description="" />
   <keyValuePair key="c_axi_supports_user_signals" value="0" description="" />
   <keyValuePair key="c_axi_supports_write" value="1" description="" />
   <keyValuePair key="c_axi_wuser_width" value="1" description="" />
   <keyValuePair key="c_family" value="zynq" description="" />
   <keyValuePair key="c_ignore_id" value="0" description="" />
   <keyValuePair key="c_m_axi_protocol" value="2" description="" />
   <keyValuePair key="c_s_axi_protocol" value="1" description="" />
   <keyValuePair key="c_translation_mode" value="2" description="" />
   <keyValuePair key="core_container" value="NA" description="" />
   <keyValuePair key="iptotal" value="1" description="" />
   <keyValuePair key="x_ipcorerevision" value="20" description="" />
   <keyValuePair key="x_iplanguage" value="VERILOG" description="" />
   <keyValuePair key="x_iplibrary" value="ip" description="" />
   <keyValuePair key="x_ipname" value="axi_protocol_converter" description="" />
   <keyValuePair key="x_ipproduct" value="Vivado 2019.2" description="" />
   <keyValuePair key="x_ipsimlanguage" value="MIXED" description="" />
   <keyValuePair key="x_ipvendor" value="xilinx.com" description="" />
   <keyValuePair key="x_ipversion" value="2.1" description="" />
  </section>
  <section name="hls_ip_2019_2/1" level="2" order="8" description="">
   <keyValuePair key="core_container" value="NA" description="" />
   <keyValuePair key="hls_input_arch" value="others" description="" />
   <keyValuePair key="hls_input_clock" value="4.000000" description="" />
   <keyValuePair key="hls_input_fixed" value="0" description="" />
   <keyValuePair key="hls_input_float" value="0" description="" />
   <keyValuePair key="hls_input_part" value="xc7z020-clg400-1" description="" />
   <keyValuePair key="hls_input_type" value="cxx" description="" />
   <keyValuePair key="hls_syn_clock" value="3.466000" description="" />
   <keyValuePair key="hls_syn_dsp" value="0" description="" />
   <keyValuePair key="hls_syn_ff" value="7014" description="" />
   <keyValuePair key="hls_syn_lat" value="-1" description="" />
   <keyValuePair key="hls_syn_lut" value="7454" description="" />
   <keyValuePair key="hls_syn_mem" value="17" description="" />
   <keyValuePair key="hls_syn_tpt" value="none" description="" />
   <keyValuePair key="hls_version" value="2019_2" description="" />
   <keyValuePair key="iptotal" value="1" description="" />
  </section>
  <section name="proc_sys_reset/1" level="2" order="9" description="">
   <keyValuePair key="c_aux_reset_high" value="0" description="" />
   <keyValuePair key="c_aux_rst_width" value="4" description="" />
   <keyValuePair key="c_ext_reset_high" value="0" description="" />
   <keyValuePair key="c_ext_rst_width" value="4" description="" />
   <keyValuePair key="c_family" value="zynq" description="" />
   <keyValuePair key="c_num_bus_rst" value="1" description="" />
   <keyValuePair key="c_num_interconnect_aresetn" value="1" description="" />
   <keyValuePair key="c_num_perp_aresetn" value="1" description="" />
   <keyValuePair key="c_num_perp_rst" value="1" description="" />
   <keyValuePair key="core_container" value="NA" description="" />
   <keyValuePair key="iptotal" value="1" description="" />
   <keyValuePair key="x_ipcorerevision" value="13" description="" />
   <keyValuePair key="x_iplanguage" value="VERILOG" description="" />
   <keyValuePair key="x_iplibrary" value="ip" description="" />
   <keyValuePair key="x_ipname" value="proc_sys_reset" description="" />
   <keyValuePair key="x_ipproduct" value="Vivado 2019.2" description="" />
   <keyValuePair key="x_ipsimlanguage" value="MIXED" description="" />
   <keyValuePair key="x_ipvendor" value="xilinx.com" description="" />
   <keyValuePair key="x_ipversion" value="5.0" description="" />
  </section>
  <section name="processing_system7_v5.5_user_configuration/1" level="2" order="10" description="">
   <keyValuePair key="core_container" value="NA" description="" />
   <keyValuePair key="iptotal" value="1" description="" />
   <keyValuePair key="pcw_apu_clk_ratio_enable" value="6:2:1" description="" />
   <keyValuePair key="pcw_apu_peripheral_freqmhz" value="650" description="" />
   <keyValuePair key="pcw_armpll_ctrl_fbdiv" value="26" description="" />
   <keyValuePair key="pcw_can0_grp_clk_enable" value="0" description="" />
   <keyValuePair key="pcw_can0_peripheral_clksrc" value="External" description="" />
   <keyValuePair key="pcw_can0_peripheral_enable" value="0" description="" />
   <keyValuePair key="pcw_can0_peripheral_freqmhz" value="-1" description="" />
   <keyValuePair key="pcw_can1_grp_clk_enable" value="0" description="" />
   <keyValuePair key="pcw_can1_peripheral_clksrc" value="External" description="" />
   <keyValuePair key="pcw_can1_peripheral_enable" value="0" description="" />
   <keyValuePair key="pcw_can1_peripheral_freqmhz" value="-1" description="" />
   <keyValuePair key="pcw_can_peripheral_clksrc" value="IO PLL" description="" />
   <keyValuePair key="pcw_can_peripheral_freqmhz" value="100" description="" />
   <keyValuePair key="pcw_cpu_cpu_pll_freqmhz" value="1300.000" description="" />
   <keyValuePair key="pcw_cpu_peripheral_clksrc" value="ARM PLL" description="" />
   <keyValuePair key="pcw_crystal_peripheral_freqmhz" value="50" description="" />
   <keyValuePair key="pcw_dci_peripheral_clksrc" value="DDR PLL" description="" />
   <keyValuePair key="pcw_dci_peripheral_freqmhz" value="10.159" description="" />
   <keyValuePair key="pcw_ddr_ddr_pll_freqmhz" value="1050.000" description="" />
   <keyValuePair key="pcw_ddr_hpr_to_critical_priority_level" value="15" description="" />
   <keyValuePair key="pcw_ddr_hprlpr_queue_partition" value="HPR(0)/LPR(32)" description="" />
   <keyValuePair key="pcw_ddr_lpr_to_critical_priority_level" value="2" description="" />
   <keyValuePair key="pcw_ddr_peripheral_clksrc" value="DDR PLL" description="" />
   <keyValuePair key="pcw_ddr_port0_hpr_enable" value="0" description="" />
   <keyValuePair key="pcw_ddr_port1_hpr_enable" value="0" description="" />
   <keyValuePair key="pcw_ddr_port2_hpr_enable" value="0" description="" />
   <keyValuePair key="pcw_ddr_port3_hpr_enable" value="0" description="" />
   <keyValuePair key="pcw_ddr_write_to_critical_priority_level" value="2" description="" />
   <keyValuePair key="pcw_ddrpll_ctrl_fbdiv" value="21" description="" />
   <keyValuePair key="pcw_enet0_enet0_io" value="MIO 16 .. 27" description="" />
   <keyValuePair key="pcw_enet0_grp_mdio_enable" value="1" description="" />
   <keyValuePair key="pcw_enet0_peripheral_clksrc" value="IO PLL" description="" />
   <keyValuePair key="pcw_enet0_peripheral_enable" value="1" description="" />
   <keyValuePair key="pcw_enet0_peripheral_freqmhz" value="1000 Mbps" description="" />
   <keyValuePair key="pcw_enet0_reset_enable" value="1" description="" />
   <keyValuePair key="pcw_enet0_reset_io" value="MIO 9" description="" />
   <keyValuePair key="pcw_enet1_grp_mdio_enable" value="0" description="" />
   <keyValuePair key="pcw_enet1_peripheral_clksrc" value="IO PLL" description="" />
   <keyValuePair key="pcw_enet1_peripheral_enable" value="0" description="" />
   <keyValuePair key="pcw_enet1_peripheral_freqmhz" value="1000 Mbps" description="" />
   <keyValuePair key="pcw_enet1_reset_enable" value="0" description="" />
   <keyValuePair key="pcw_enet_reset_polarity" value="Active Low" description="" />
   <keyValuePair key="pcw_fclk0_peripheral_clksrc" value="IO PLL" description="" />
   <keyValuePair key="pcw_fclk1_peripheral_clksrc" value="IO PLL" description="" />
   <keyValuePair key="pcw_fclk2_peripheral_clksrc" value="IO PLL" description="" />
   <keyValuePair key="pcw_fclk3_peripheral_clksrc" value="IO PLL" description="" />
   <keyValuePair key="pcw_fpga0_peripheral_freqmhz" value="150" description="" />
   <keyValuePair key="pcw_fpga1_peripheral_freqmhz" value="50" description="" />
   <keyValuePair key="pcw_fpga2_peripheral_freqmhz" value="50" description="" />
   <keyValuePair key="pcw_fpga3_peripheral_freqmhz" value="50" description="" />
   <keyValuePair key="pcw_fpga_fclk0_enable" value="1" description="" />
   <keyValuePair key="pcw_fpga_fclk1_enable" value="0" description="" />
   <keyValuePair key="pcw_fpga_fclk2_enable" value="0" description="" />
   <keyValuePair key="pcw_fpga_fclk3_enable" value="0" description="" />
   <keyValuePair key="pcw_gpio_emio_gpio_enable" value="0" description="" />
   <keyValuePair key="pcw_gpio_mio_gpio_enable" value="1" description="" />
   <keyValuePair key="pcw_gpio_mio_gpio_io" value="MIO" description="" />
   <keyValuePair key="pcw_gpio_peripheral_enable" value="0" description="" />
   <keyValuePair key="pcw_i2c0_grp_int_enable" value="0" description="" />
   <keyValuePair key="pcw_i2c0_peripheral_enable" value="0" description="" />
   <keyValuePair key="pcw_i2c0_reset_enable" value="0" description="" />
   <keyValuePair key="pcw_i2c1_grp_int_enable" value="0" description="" />
   <keyValuePair key="pcw_i2c1_peripheral_enable" value="0" description="" />
   <keyValuePair key="pcw_i2c1_reset_enable" value="0" description="" />
   <keyValuePair key="pcw_i2c_reset_polarity" value="Active Low" description="" />
   <keyValuePair key="pcw_io_io_pll_freqmhz" value="1000.000" description="" />
   <keyValuePair key="pcw_iopll_ctrl_fbdiv" value="20" description="" />
   <keyValuePair key="pcw_irq_f2p_mode" value="DIRECT" description="" />
   <keyValuePair key="pcw_m_axi_gp0_freqmhz" value="10" description="" />
   <keyValuePair key="pcw_m_axi_gp1_freqmhz" value="10" description="" />
   <keyValuePair key="pcw_nand_cycles_t_ar" value="1" description="" />
   <keyValuePair key="pcw_nand_cycles_t_clr" value="1" description="" />
   <keyValuePair key="pcw_nand_cycles_t_rc" value="11" description="" />
   <keyValuePair key="pcw_nand_cycles_t_rea" value="1" description="" />
   <keyValuePair key="pcw_nand_cycles_t_rr" value="1" description="" />
   <keyValuePair key="pcw_nand_cycles_t_wc" value="11" description="" />
   <keyValuePair key="pcw_nand_cycles_t_wp" value="1" description="" />
   <keyValuePair key="pcw_nand_grp_d8_enable" value="0" description="" />
   <keyValuePair key="pcw_nand_peripheral_enable" value="0" description="" />
   <keyValuePair key="pcw_nor_cs0_t_ceoe" value="1" description="" />
   <keyValuePair key="pcw_nor_cs0_t_pc" value="1" description="" />
   <keyValuePair key="pcw_nor_cs0_t_rc" value="11" description="" />
   <keyValuePair key="pcw_nor_cs0_t_tr" value="1" description="" />
   <keyValuePair key="pcw_nor_cs0_t_wc" value="11" description="" />
   <keyValuePair key="pcw_nor_cs0_t_wp" value="1" description="" />
   <keyValuePair key="pcw_nor_cs0_we_time" value="0" description="" />
   <keyValuePair key="pcw_nor_cs1_t_ceoe" value="1" description="" />
   <keyValuePair key="pcw_nor_cs1_t_pc" value="1" description="" />
   <keyValuePair key="pcw_nor_cs1_t_rc" value="11" description="" />
   <keyValuePair key="pcw_nor_cs1_t_tr" value="1" description="" />
   <keyValuePair key="pcw_nor_cs1_t_wc" value="11" description="" />
   <keyValuePair key="pcw_nor_cs1_t_wp" value="1" description="" />
   <keyValuePair key="pcw_nor_cs1_we_time" value="0" description="" />
   <keyValuePair key="pcw_nor_grp_a25_enable" value="0" description="" />
   <keyValuePair key="pcw_nor_grp_cs0_enable" value="0" description="" />
   <keyValuePair key="pcw_nor_grp_cs1_enable" value="0" description="" />
   <keyValuePair key="pcw_nor_grp_sram_cs0_enable" value="0" description="" />
   <keyValuePair key="pcw_nor_grp_sram_cs1_enable" value="0" description="" />
   <keyValuePair key="pcw_nor_grp_sram_int_enable" value="0" description="" />
   <keyValuePair key="pcw_nor_peripheral_enable" value="0" description="" />
   <keyValuePair key="pcw_nor_sram_cs0_t_ceoe" value="1" description="" />
   <keyValuePair key="pcw_nor_sram_cs0_t_pc" value="1" description="" />
   <keyValuePair key="pcw_nor_sram_cs0_t_rc" value="11" description="" />
   <keyValuePair key="pcw_nor_sram_cs0_t_tr" value="1" description="" />
   <keyValuePair key="pcw_nor_sram_cs0_t_wc" value="11" description="" />
   <keyValuePair key="pcw_nor_sram_cs0_t_wp" value="1" description="" />
   <keyValuePair key="pcw_nor_sram_cs0_we_time" value="0" description="" />
   <keyValuePair key="pcw_nor_sram_cs1_t_ceoe" value="1" description="" />
   <keyValuePair key="pcw_nor_sram_cs1_t_pc" value="1" description="" />
   <keyValuePair key="pcw_nor_sram_cs1_t_rc" value="11" description="" />
   <keyValuePair key="pcw_nor_sram_cs1_t_tr" value="1" description="" />
   <keyValuePair key="pcw_nor_sram_cs1_t_wc" value="11" description="" />
   <keyValuePair key="pcw_nor_sram_cs1_t_wp" value="1" description="" />
   <keyValuePair key="pcw_nor_sram_cs1_we_time" value="0" description="" />
   <keyValuePair key="pcw_override_basic_clock" value="0" description="" />
   <keyValuePair key="pcw_pcap_peripheral_clksrc" value="IO PLL" description="" />
   <keyValuePair key="pcw_pcap_peripheral_freqmhz" value="200" description="" />
   <keyValuePair key="pcw_pjtag_peripheral_enable" value="0" description="" />
   <keyValuePair key="pcw_preset_bank0_voltage" value="LVCMOS 3.3V" description="" />
   <keyValuePair key="pcw_preset_bank1_voltage" value="LVCMOS 1.8V" description="" />
   <keyValuePair key="pcw_qspi_grp_fbclk_enable" value="1" description="" />
   <keyValuePair key="pcw_qspi_grp_fbclk_io" value="MIO 8" description="" />
   <keyValuePair key="pcw_qspi_grp_io1_enable" value="0" description="" />
   <keyValuePair key="pcw_qspi_grp_single_ss_enable" value="1" description="" />
   <keyValuePair key="pcw_qspi_grp_single_ss_io" value="MIO 1 .. 6" description="" />
   <keyValuePair key="pcw_qspi_grp_ss1_enable" value="0" description="" />
   <keyValuePair key="pcw_qspi_internal_highaddress" value="0xFCFFFFFF" description="" />
   <keyValuePair key="pcw_qspi_peripheral_clksrc" value="IO PLL" description="" />
   <keyValuePair key="pcw_qspi_peripheral_enable" value="1" description="" />
   <keyValuePair key="pcw_qspi_peripheral_freqmhz" value="200" description="" />
   <keyValuePair key="pcw_qspi_qspi_io" value="MIO 1 .. 6" description="" />
   <keyValuePair key="pcw_s_axi_acp_freqmhz" value="10" description="" />
   <keyValuePair key="pcw_s_axi_gp0_freqmhz" value="10" description="" />
   <keyValuePair key="pcw_s_axi_gp1_freqmhz" value="10" description="" />
   <keyValuePair key="pcw_s_axi_hp0_data_width" value="64" description="" />
   <keyValuePair key="pcw_s_axi_hp0_freqmhz" value="10" description="" />
   <keyValuePair key="pcw_s_axi_hp1_data_width" value="64" description="" />
   <keyValuePair key="pcw_s_axi_hp1_freqmhz" value="10" description="" />
   <keyValuePair key="pcw_s_axi_hp2_data_width" value="64" description="" />
   <keyValuePair key="pcw_s_axi_hp2_freqmhz" value="10" description="" />
   <keyValuePair key="pcw_s_axi_hp3_data_width" value="64" description="" />
   <keyValuePair key="pcw_s_axi_hp3_freqmhz" value="10" description="" />
   <keyValuePair key="pcw_sd0_grp_cd_enable" value="1" description="" />
   <keyValuePair key="pcw_sd0_grp_cd_io" value="MIO 47" description="" />
   <keyValuePair key="pcw_sd0_grp_pow_enable" value="0" description="" />
   <keyValuePair key="pcw_sd0_grp_wp_enable" value="0" description="" />
   <keyValuePair key="pcw_sd0_peripheral_enable" value="1" description="" />
   <keyValuePair key="pcw_sd0_sd0_io" value="MIO 40 .. 45" description="" />
   <keyValuePair key="pcw_sd1_grp_cd_enable" value="0" description="" />
   <keyValuePair key="pcw_sd1_grp_pow_enable" value="0" description="" />
   <keyValuePair key="pcw_sd1_grp_wp_enable" value="0" description="" />
   <keyValuePair key="pcw_sd1_peripheral_enable" value="0" description="" />
   <keyValuePair key="pcw_sdio_peripheral_clksrc" value="IO PLL" description="" />
   <keyValuePair key="pcw_sdio_peripheral_freqmhz" value="50" description="" />
   <keyValuePair key="pcw_single_qspi_data_mode" value="x4" description="" />
   <keyValuePair key="pcw_smc_peripheral_clksrc" value="IO PLL" description="" />
   <keyValuePair key="pcw_smc_peripheral_freqmhz" value="100" description="" />
   <keyValuePair key="pcw_spi0_grp_ss0_enable" value="0" description="" />
   <keyValuePair key="pcw_spi0_grp_ss1_enable" value="0" description="" />
   <keyValuePair key="pcw_spi0_grp_ss2_enable" value="0" description="" />
   <keyValuePair key="pcw_spi0_peripheral_enable" value="0" description="" />
   <keyValuePair key="pcw_spi1_grp_ss0_enable" value="0" description="" />
   <keyValuePair key="pcw_spi1_grp_ss1_enable" value="0" description="" />
   <keyValuePair key="pcw_spi1_grp_ss2_enable" value="0" description="" />
   <keyValuePair key="pcw_spi1_peripheral_enable" value="0" description="" />
   <keyValuePair key="pcw_spi_peripheral_clksrc" value="IO PLL" description="" />
   <keyValuePair key="pcw_spi_peripheral_freqmhz" value="166.666666" description="" />
   <keyValuePair key="pcw_tpiu_peripheral_clksrc" value="External" description="" />
   <keyValuePair key="pcw_tpiu_peripheral_freqmhz" value="200" description="" />
   <keyValuePair key="pcw_trace_grp_16bit_enable" value="0" description="" />
   <keyValuePair key="pcw_trace_grp_2bit_enable" value="0" description="" />
   <keyValuePair key="pcw_trace_grp_32bit_enable" value="0" description="" />
   <keyValuePair key="pcw_trace_grp_4bit_enable" value="0" description="" />
   <keyValuePair key="pcw_trace_grp_8bit_enable" value="0" description="" />
   <keyValuePair key="pcw_trace_peripheral_enable" value="0" description="" />
   <keyValuePair key="pcw_ttc0_clk0_peripheral_clksrc" value="CPU_1X" description="" />
   <keyValuePair key="pcw_ttc0_clk0_peripheral_freqmhz" value="133.333333" description="" />
   <keyValuePair key="pcw_ttc0_clk1_peripheral_clksrc" value="CPU_1X" description="" />
   <keyValuePair key="pcw_ttc0_clk1_peripheral_freqmhz" value="133.333333" description="" />
   <keyValuePair key="pcw_ttc0_clk2_peripheral_clksrc" value="CPU_1X" description="" />
   <keyValuePair key="pcw_ttc0_clk2_peripheral_freqmhz" value="133.333333" description="" />
   <keyValuePair key="pcw_ttc0_peripheral_enable" value="0" description="" />
   <keyValuePair key="pcw_ttc1_clk0_peripheral_clksrc" value="CPU_1X" description="" />
   <keyValuePair key="pcw_ttc1_clk0_peripheral_freqmhz" value="133.333333" description="" />
   <keyValuePair key="pcw_ttc1_clk1_peripheral_clksrc" value="CPU_1X" description="" />
   <keyValuePair key="pcw_ttc1_clk1_peripheral_freqmhz" value="133.333333" description="" />
   <keyValuePair key="pcw_ttc1_clk2_peripheral_clksrc" value="CPU_1X" description="" />
   <keyValuePair key="pcw_ttc1_clk2_peripheral_freqmhz" value="133.333333" description="" />
   <keyValuePair key="pcw_ttc1_peripheral_enable" value="0" description="" />
   <keyValuePair key="pcw_ttc_peripheral_freqmhz" value="50" description="" />
   <keyValuePair key="pcw_uart0_baud_rate" value="115200" description="" />
   <keyValuePair key="pcw_uart0_grp_full_enable" value="0" description="" />
   <keyValuePair key="pcw_uart0_peripheral_enable" value="1" description="" />
   <keyValuePair key="pcw_uart0_uart0_io" value="MIO 14 .. 15" description="" />
   <keyValuePair key="pcw_uart1_baud_rate" value="115200" description="" />
   <keyValuePair key="pcw_uart1_grp_full_enable" value="0" description="" />
   <keyValuePair key="pcw_uart1_peripheral_enable" value="0" description="" />
   <keyValuePair key="pcw_uart_peripheral_clksrc" value="IO PLL" description="" />
   <keyValuePair key="pcw_uart_peripheral_freqmhz" value="100" description="" />
   <keyValuePair key="pcw_uiparam_ddr_adv_enable" value="0" description="" />
   <keyValuePair key="pcw_uiparam_ddr_al" value="0" description="" />
   <keyValuePair key="pcw_uiparam_ddr_bank_addr_count" value="3" description="" />
   <keyValuePair key="pcw_uiparam_ddr_bl" value="8" description="" />
   <keyValuePair key="pcw_uiparam_ddr_board_delay0" value="0.279" description="" />
   <keyValuePair key="pcw_uiparam_ddr_board_delay1" value="0.260" description="" />
   <keyValuePair key="pcw_uiparam_ddr_board_delay2" value="0.085" description="" />
   <keyValuePair key="pcw_uiparam_ddr_board_delay3" value="0.092" description="" />
   <keyValuePair key="pcw_uiparam_ddr_bus_width" value="16 Bit" description="" />
   <keyValuePair key="pcw_uiparam_ddr_cl" value="7" description="" />
   <keyValuePair key="pcw_uiparam_ddr_clock_0_length_mm" value="27.95" description="" />
   <keyValuePair key="pcw_uiparam_ddr_clock_0_package_length" value="80.4535" description="" />
   <keyValuePair key="pcw_uiparam_ddr_clock_0_propogation_delay" value="160" description="" />
   <keyValuePair key="pcw_uiparam_ddr_clock_1_length_mm" value="27.95" description="" />
   <keyValuePair key="pcw_uiparam_ddr_clock_1_package_length" value="80.4535" description="" />
   <keyValuePair key="pcw_uiparam_ddr_clock_1_propogation_delay" value="160" description="" />
   <keyValuePair key="pcw_uiparam_ddr_clock_2_length_mm" value="0" description="" />
   <keyValuePair key="pcw_uiparam_ddr_clock_2_package_length" value="80.4535" description="" />
   <keyValuePair key="pcw_uiparam_ddr_clock_2_propogation_delay" value="160" description="" />
   <keyValuePair key="pcw_uiparam_ddr_clock_3_length_mm" value="0" description="" />
   <keyValuePair key="pcw_uiparam_ddr_clock_3_package_length" value="80.4535" description="" />
   <keyValuePair key="pcw_uiparam_ddr_clock_3_propogation_delay" value="160" description="" />
   <keyValuePair key="pcw_uiparam_ddr_clock_stop_en" value="0" description="" />
   <keyValuePair key="pcw_uiparam_ddr_col_addr_count" value="10" description="" />
   <keyValuePair key="pcw_uiparam_ddr_cwl" value="6" description="" />
   <keyValuePair key="pcw_uiparam_ddr_device_capacity" value="4096 MBits" description="" />
   <keyValuePair key="pcw_uiparam_ddr_dq_0_length_mm" value="32.2" description="" />
   <keyValuePair key="pcw_uiparam_ddr_dq_0_package_length" value="98.503" description="" />
   <keyValuePair key="pcw_uiparam_ddr_dq_0_propogation_delay" value="160" description="" />
   <keyValuePair key="pcw_uiparam_ddr_dq_1_length_mm" value="31.08" description="" />
   <keyValuePair key="pcw_uiparam_ddr_dq_1_package_length" value="68.5855" description="" />
   <keyValuePair key="pcw_uiparam_ddr_dq_1_propogation_delay" value="160" description="" />
   <keyValuePair key="pcw_uiparam_ddr_dq_2_length_mm" value="0" description="" />
   <keyValuePair key="pcw_uiparam_ddr_dq_2_package_length" value="90.295" description="" />
   <keyValuePair key="pcw_uiparam_ddr_dq_2_propogation_delay" value="160" description="" />
   <keyValuePair key="pcw_uiparam_ddr_dq_3_length_mm" value="0" description="" />
   <keyValuePair key="pcw_uiparam_ddr_dq_3_package_length" value="103.977" description="" />
   <keyValuePair key="pcw_uiparam_ddr_dq_3_propogation_delay" value="160" description="" />
   <keyValuePair key="pcw_uiparam_ddr_dqs_0_length_mm" value="32.14" description="" />
   <keyValuePair key="pcw_uiparam_ddr_dqs_0_package_length" value="105.056" description="" />
   <keyValuePair key="pcw_uiparam_ddr_dqs_0_propogation_delay" value="160" description="" />
   <keyValuePair key="pcw_uiparam_ddr_dqs_1_length_mm" value="31.12" description="" />
   <keyValuePair key="pcw_uiparam_ddr_dqs_1_package_length" value="66.904" description="" />
   <keyValuePair key="pcw_uiparam_ddr_dqs_1_propogation_delay" value="160" description="" />
   <keyValuePair key="pcw_uiparam_ddr_dqs_2_length_mm" value="0" description="" />
   <keyValuePair key="pcw_uiparam_ddr_dqs_2_package_length" value="89.1715" description="" />
   <keyValuePair key="pcw_uiparam_ddr_dqs_2_propogation_delay" value="160" description="" />
   <keyValuePair key="pcw_uiparam_ddr_dqs_3_length_mm" value="0" description="" />
   <keyValuePair key="pcw_uiparam_ddr_dqs_3_package_length" value="113.63" description="" />
   <keyValuePair key="pcw_uiparam_ddr_dqs_3_propogation_delay" value="160" description="" />
   <keyValuePair key="pcw_uiparam_ddr_dqs_to_clk_delay_0" value="-0.051" description="" />
   <keyValuePair key="pcw_uiparam_ddr_dqs_to_clk_delay_1" value="-0.006" description="" />
   <keyValuePair key="pcw_uiparam_ddr_dqs_to_clk_delay_2" value="-0.009" description="" />
   <keyValuePair key="pcw_uiparam_ddr_dqs_to_clk_delay_3" value="-0.033" description="" />
   <keyValuePair key="pcw_uiparam_ddr_dram_width" value="16 Bits" description="" />
   <keyValuePair key="pcw_uiparam_ddr_ecc" value="Disabled" description="" />
   <keyValuePair key="pcw_uiparam_ddr_enable" value="1" description="" />
   <keyValuePair key="pcw_uiparam_ddr_freq_mhz" value="525" description="" />
   <keyValuePair key="pcw_uiparam_ddr_high_temp" value="Normal (0-85)" description="" />
   <keyValuePair key="pcw_uiparam_ddr_memory_type" value="DDR 3" description="" />
   <keyValuePair key="pcw_uiparam_ddr_partno" value="MT41J256M16 RE-125" description="" />
   <keyValuePair key="pcw_uiparam_ddr_row_addr_count" value="15" description="" />
   <keyValuePair key="pcw_uiparam_ddr_speed_bin" value="DDR3_1066F" description="" />
   <keyValuePair key="pcw_uiparam_ddr_t_faw" value="40.0" description="" />
   <keyValuePair key="pcw_uiparam_ddr_t_ras_min" value="35.0" description="" />
   <keyValuePair key="pcw_uiparam_ddr_t_rc" value="48.91" description="" />
   <keyValuePair key="pcw_uiparam_ddr_t_rcd" value="7" description="" />
   <keyValuePair key="pcw_uiparam_ddr_t_rp" value="7" description="" />
   <keyValuePair key="pcw_uiparam_ddr_train_data_eye" value="1" description="" />
   <keyValuePair key="pcw_uiparam_ddr_train_read_gate" value="1" description="" />
   <keyValuePair key="pcw_uiparam_ddr_train_write_level" value="1" description="" />
   <keyValuePair key="pcw_uiparam_ddr_use_internal_vref" value="0" description="" />
   <keyValuePair key="pcw_usb0_peripheral_enable" value="1" description="" />
   <keyValuePair key="pcw_usb0_peripheral_freqmhz" value="60" description="" />
   <keyValuePair key="pcw_usb0_reset_enable" value="1" description="" />
   <keyValuePair key="pcw_usb0_reset_io" value="MIO 46" description="" />
   <keyValuePair key="pcw_usb0_usb0_io" value="MIO 28 .. 39" description="" />
   <keyValuePair key="pcw_usb1_peripheral_enable" value="0" description="" />
   <keyValuePair key="pcw_usb1_peripheral_freqmhz" value="60" description="" />
   <keyValuePair key="pcw_usb1_reset_enable" value="0" description="" />
   <keyValuePair key="pcw_usb_reset_polarity" value="Active Low" description="" />
   <keyValuePair key="pcw_use_cross_trigger" value="0" description="" />
   <keyValuePair key="pcw_use_m_axi_gp0" value="1" description="" />
   <keyValuePair key="pcw_use_m_axi_gp1" value="0" description="" />
   <keyValuePair key="pcw_use_s_axi_acp" value="0" description="" />
   <keyValuePair key="pcw_use_s_axi_gp0" value="0" description="" />
   <keyValuePair key="pcw_use_s_axi_gp1" value="0" description="" />
   <keyValuePair key="pcw_use_s_axi_hp0" value="1" description="" />
   <keyValuePair key="pcw_use_s_axi_hp1" value="0" description="" />
   <keyValuePair key="pcw_use_s_axi_hp2" value="0" description="" />
   <keyValuePair key="pcw_use_s_axi_hp3" value="0" description="" />
   <keyValuePair key="pcw_wdt_peripheral_clksrc" value="CPU_1X" description="" />
   <keyValuePair key="pcw_wdt_peripheral_enable" value="0" description="" />
   <keyValuePair key="pcw_wdt_peripheral_freqmhz" value="133.333333" description="" />
  </section>
  <section name="processing_system7_v5_5_processing_system7/1" level="2" order="11" description="">
   <keyValuePair key="c_dm_width" value="4" description="" />
   <keyValuePair key="c_dq_width" value="32" description="" />
   <keyValuePair key="c_dqs_width" value="4" description="" />
   <keyValuePair key="c_emio_gpio_width" value="64" description="" />
   <keyValuePair key="c_en_emio_enet0" value="0" description="" />
   <keyValuePair key="c_en_emio_enet1" value="0" description="" />
   <keyValuePair key="c_en_emio_pjtag" value="0" description="" />
   <keyValuePair key="c_en_emio_trace" value="0" description="" />
   <keyValuePair key="c_fclk_clk0_buf" value="TRUE" description="" />
   <keyValuePair key="c_fclk_clk1_buf" value="FALSE" description="" />
   <keyValuePair key="c_fclk_clk2_buf" value="FALSE" description="" />
   <keyValuePair key="c_fclk_clk3_buf" value="FALSE" description="" />
   <keyValuePair key="c_gp0_en_modifiable_txn" value="1" description="" />
   <keyValuePair key="c_gp1_en_modifiable_txn" value="1" description="" />
   <keyValuePair key="c_include_acp_trans_check" value="0" description="" />
   <keyValuePair key="c_include_trace_buffer" value="0" description="" />
   <keyValuePair key="c_irq_f2p_mode" value="DIRECT" description="" />
   <keyValuePair key="c_m_axi_gp0_enable_static_remap" value="0" description="" />
   <keyValuePair key="c_m_axi_gp0_id_width" value="12" description="" />
   <keyValuePair key="c_m_axi_gp0_thread_id_width" value="12" description="" />
   <keyValuePair key="c_m_axi_gp1_enable_static_remap" value="0" description="" />
   <keyValuePair key="c_m_axi_gp1_id_width" value="12" description="" />
   <keyValuePair key="c_m_axi_gp1_thread_id_width" value="12" description="" />
   <keyValuePair key="c_mio_primitive" value="54" description="" />
   <keyValuePair key="c_num_f2p_intr_inputs" value="1" description="" />
   <keyValuePair key="c_package_name" value="clg400" description="" />
   <keyValuePair key="c_ps7_si_rev" value="PRODUCTION" description="" />
   <keyValuePair key="c_s_axi_acp_aruser_val" value="31" description="" />
   <keyValuePair key="c_s_axi_acp_awuser_val" value="31" description="" />
   <keyValuePair key="c_s_axi_acp_id_width" value="3" description="" />
   <keyValuePair key="c_s_axi_gp0_id_width" value="6" description="" />
   <keyValuePair key="c_s_axi_gp1_id_width" value="6" description="" />
   <keyValuePair key="c_s_axi_hp0_data_width" value="64" description="" />
   <keyValuePair key="c_s_axi_hp0_id_width" value="6" description="" />
   <keyValuePair key="c_s_axi_hp1_data_width" value="64" description="" />
   <keyValuePair key="c_s_axi_hp1_id_width" value="6" description="" />
   <keyValuePair key="c_s_axi_hp2_data_width" value="64" description="" />
   <keyValuePair key="c_s_axi_hp2_id_width" value="6" description="" />
   <keyValuePair key="c_s_axi_hp3_data_width" value="64" description="" />
   <keyValuePair key="c_s_axi_hp3_id_width" value="6" description="" />
   <keyValuePair key="c_trace_buffer_clock_delay" value="12" description="" />
   <keyValuePair key="c_trace_buffer_fifo_size" value="128" description="" />
   <keyValuePair key="c_trace_internal_width" value="2" description="" />
   <keyValuePair key="c_trace_pipeline_width" value="8" description="" />
   <keyValuePair key="c_use_axi_nonsecure" value="0" description="" />
   <keyValuePair key="c_use_default_acp_user_val" value="0" description="" />
   <keyValuePair key="c_use_m_axi_gp0" value="1" description="" />
   <keyValuePair key="c_use_m_axi_gp1" value="0" description="" />
   <keyValuePair key="c_use_s_axi_acp" value="0" description="" />
   <keyValuePair key="c_use_s_axi_gp0" value="0" description="" />
   <keyValuePair key="c_use_s_axi_gp1" value="0" description="" />
   <keyValuePair key="c_use_s_axi_hp0" value="1" description="" />
   <keyValuePair key="c_use_s_axi_hp1" value="0" description="" />
   <keyValuePair key="c_use_s_axi_hp2" value="0" description="" />
   <keyValuePair key="c_use_s_axi_hp3" value="0" description="" />
   <keyValuePair key="core_container" value="NA" description="" />
   <keyValuePair key="iptotal" value="1" description="" />
   <keyValuePair key="use_trace_data_edge_detector" value="0" description="" />
   <keyValuePair key="x_ipcorerevision" value="6" description="" />
   <keyValuePair key="x_iplanguage" value="VERILOG" description="" />
   <keyValuePair key="x_iplibrary" value="ip" description="" />
   <keyValuePair key="x_ipname" value="processing_system7" description="" />
   <keyValuePair key="x_ipproduct" value="Vivado 2019.2" description="" />
   <keyValuePair key="x_ipsimlanguage" value="MIXED" description="" />
   <keyValuePair key="x_ipvendor" value="xilinx.com" description="" />
   <keyValuePair key="x_ipversion" value="5.5" description="" />
  </section>
  <section name="xpm_cdc_async_rst/1" level="2" order="12" description="">
   <keyValuePair key="core_container" value="NA" description="" />
   <keyValuePair key="def_val" value="1&apos;b0" description="" />
   <keyValuePair key="dest_sync_ff" value="2" description="" />
   <keyValuePair key="init_sync_ff" value="0" description="" />
   <keyValuePair key="inv_def_val" value="1&apos;b1" description="" />
   <keyValuePair key="iptotal" value="3" description="" />
   <keyValuePair key="rst_active_high" value="1" description="" />
   <keyValuePair key="version" value="0" description="" />
  </section>
  <section name="xpm_fifo_base/1" level="2" order="13" description="">
   <keyValuePair key="both_stages_valid" value="3" description="" />
   <keyValuePair key="cascade_height" value="0" description="" />
   <keyValuePair key="cdc_dest_sync_ff" value="2" description="" />
   <keyValuePair key="common_clock" value="1" description="" />
   <keyValuePair key="core_container" value="NA" description="" />
   <keyValuePair key="dout_reset_value" value="0" description="" />
   <keyValuePair key="ecc_mode" value="0" description="" />
   <keyValuePair key="en_adv_feature" value="16&apos;b0001111100011111" description="" />
   <keyValuePair key="en_ae" value="1&apos;b1" description="" />
   <keyValuePair key="en_af" value="1&apos;b1" description="" />
   <keyValuePair key="en_dvld" value="1&apos;b1" description="" />
   <keyValuePair key="en_of" value="1&apos;b1" description="" />
   <keyValuePair key="en_pe" value="1&apos;b1" description="" />
   <keyValuePair key="en_pf" value="1&apos;b1" description="" />
   <keyValuePair key="en_rdc" value="1&apos;b1" description="" />
   <keyValuePair key="en_uf" value="1&apos;b1" description="" />
   <keyValuePair key="en_wack" value="1&apos;b1" description="" />
   <keyValuePair key="en_wdc" value="1&apos;b1" description="" />
   <keyValuePair key="enable_ecc" value="0" description="" />
   <keyValuePair key="fg_eq_asym_dout" value="1&apos;b0" description="" />
   <keyValuePair key="fifo_mem_type" value="0" description="" />
   <keyValuePair key="fifo_memory_type" value="0" description="" />
   <keyValuePair key="fifo_read_depth" value="16" description="" />
   <keyValuePair key="fifo_read_latency" value="0" description="" />
   <keyValuePair key="fifo_size" value="208" description="" />
   <keyValuePair key="fifo_write_depth" value="16" description="" />
   <keyValuePair key="full_reset_value" value="1" description="" />
   <keyValuePair key="full_rst_val" value="1&apos;b1" description="" />
   <keyValuePair key="invalid" value="0" description="" />
   <keyValuePair key="iptotal" value="3" description="" />
   <keyValuePair key="pe_thresh_adj" value="8" description="" />
   <keyValuePair key="pe_thresh_max" value="11" description="" />
   <keyValuePair key="pe_thresh_min" value="5" description="" />
   <keyValuePair key="pf_thresh_adj" value="8" description="" />
   <keyValuePair key="pf_thresh_max" value="11" description="" />
   <keyValuePair key="pf_thresh_min" value="5" description="" />
   <keyValuePair key="prog_empty_thresh" value="10" description="" />
   <keyValuePair key="prog_full_thresh" value="10" description="" />
   <keyValuePair key="rd_data_count_width" value="4" description="" />
   <keyValuePair key="rd_dc_width_ext" value="5" description="" />
   <keyValuePair key="rd_latency" value="2" description="" />
   <keyValuePair key="rd_mode" value="1" description="" />
   <keyValuePair key="rd_pntr_width" value="4" description="" />
   <keyValuePair key="read_data_width" value="13" description="" />
   <keyValuePair key="read_mode" value="1" description="" />
   <keyValuePair key="related_clocks" value="0" description="" />
   <keyValuePair key="remove_wr_rd_prot_logic" value="0" description="" />
   <keyValuePair key="sim_assert_chk" value="0" description="" />
   <keyValuePair key="stage1_valid" value="2" description="" />
   <keyValuePair key="stage2_valid" value="1" description="" />
   <keyValuePair key="use_adv_features" value="1F1F" description="" />
   <keyValuePair key="version" value="0" description="" />
   <keyValuePair key="wakeup_time" value="0" description="" />
   <keyValuePair key="width_ratio" value="1" description="" />
   <keyValuePair key="wr_data_count_width" value="5" description="" />
   <keyValuePair key="wr_dc_width_ext" value="5" description="" />
   <keyValuePair key="wr_depth_log" value="4" description="" />
   <keyValuePair key="wr_pntr_width" value="4" description="" />
   <keyValuePair key="wr_rd_ratio" value="0" description="" />
   <keyValuePair key="wr_width_log" value="4" description="" />
   <keyValuePair key="write_data_width" value="13" description="" />
  </section>
  <section name="xpm_fifo_sync/1" level="2" order="14" description="">
   <keyValuePair key="cascade_height" value="0" description="" />
   <keyValuePair key="core_container" value="NA" description="" />
   <keyValuePair key="dout_reset_value" value="0" description="" />
   <keyValuePair key="ecc_mode" value="no_ecc" description="" />
   <keyValuePair key="en_adv_feature_sync" value="16&apos;b0001111100011111" description="" />
   <keyValuePair key="fifo_memory_type" value="auto" description="" />
   <keyValuePair key="fifo_read_latency" value="0" description="" />
   <keyValuePair key="fifo_write_depth" value="16" description="" />
   <keyValuePair key="full_reset_value" value="1" description="" />
   <keyValuePair key="iptotal" value="3" description="" />
   <keyValuePair key="p_common_clock" value="1" description="" />
   <keyValuePair key="p_ecc_mode" value="0" description="" />
   <keyValuePair key="p_fifo_memory_type" value="0" description="" />
   <keyValuePair key="p_read_mode" value="1" description="" />
   <keyValuePair key="p_wakeup_time" value="2" description="" />
   <keyValuePair key="prog_empty_thresh" value="10" description="" />
   <keyValuePair key="prog_full_thresh" value="10" description="" />
   <keyValuePair key="rd_data_count_width" value="4" description="" />
   <keyValuePair key="read_data_width" value="13" description="" />
   <keyValuePair key="read_mode" value="fwft" description="" />
   <keyValuePair key="sim_assert_chk" value="0" description="" />
   <keyValuePair key="use_adv_features" value="1F1F" description="" />
   <keyValuePair key="wakeup_time" value="0" description="" />
   <keyValuePair key="wr_data_count_width" value="5" description="" />
   <keyValuePair key="write_data_width" value="13" description="" />
  </section>
  <section name="xpm_memory_base/1" level="2" order="15" description="">
   <keyValuePair key="addr_width_a" value="4" description="" />
   <keyValuePair key="addr_width_b" value="4" description="" />
   <keyValuePair key="auto_sleep_time" value="0" description="" />
   <keyValuePair key="byte_write_width_a" value="13" description="" />
   <keyValuePair key="byte_write_width_b" value="13" description="" />
   <keyValuePair key="cascade_height" value="0" description="" />
   <keyValuePair key="clocking_mode" value="0" description="" />
   <keyValuePair key="core_container" value="NA" description="" />
   <keyValuePair key="ecc_mode" value="0" description="" />
   <keyValuePair key="iptotal" value="3" description="" />
   <keyValuePair key="max_num_char" value="0" description="" />
   <keyValuePair key="memory_optimization" value="true" description="" />
   <keyValuePair key="memory_primitive" value="0" description="" />
   <keyValuePair key="memory_size" value="208" description="" />
   <keyValuePair key="memory_type" value="1" description="" />
   <keyValuePair key="message_control" value="0" description="" />
   <keyValuePair key="num_char_loc" value="0" description="" />
   <keyValuePair key="p_ecc_mode" value="no_ecc" description="" />
   <keyValuePair key="p_enable_byte_write_a" value="0" description="" />
   <keyValuePair key="p_enable_byte_write_b" value="0" description="" />
   <keyValuePair key="p_max_depth_data" value="16" description="" />
   <keyValuePair key="p_memory_opt" value="yes" description="" />
   <keyValuePair key="p_memory_primitive" value="auto" description="" />
   <keyValuePair key="p_min_width_data" value="13" description="" />
   <keyValuePair key="p_min_width_data_a" value="13" description="" />
   <keyValuePair key="p_min_width_data_b" value="13" description="" />
   <keyValuePair key="p_min_width_data_ecc" value="13" description="" />
   <keyValuePair key="p_min_width_data_ldw" value="4" description="" />
   <keyValuePair key="p_min_width_data_shft" value="13" description="" />
   <keyValuePair key="p_num_cols_write_a" value="1" description="" />
   <keyValuePair key="p_num_cols_write_b" value="1" description="" />
   <keyValuePair key="p_num_rows_read_a" value="1" description="" />
   <keyValuePair key="p_num_rows_read_b" value="1" description="" />
   <keyValuePair key="p_num_rows_write_a" value="1" description="" />
   <keyValuePair key="p_num_rows_write_b" value="1" description="" />
   <keyValuePair key="p_sdp_write_mode" value="yes" description="" />
   <keyValuePair key="p_width_addr_lsb_read_a" value="0" description="" />
   <keyValuePair key="p_width_addr_lsb_read_b" value="0" description="" />
   <keyValuePair key="p_width_addr_lsb_write_a" value="0" description="" />
   <keyValuePair key="p_width_addr_lsb_write_b" value="0" description="" />
   <keyValuePair key="p_width_addr_read_a" value="4" description="" />
   <keyValuePair key="p_width_addr_read_b" value="4" description="" />
   <keyValuePair key="p_width_addr_write_a" value="4" description="" />
   <keyValuePair key="p_width_addr_write_b" value="4" description="" />
   <keyValuePair key="p_width_col_write_a" value="13" description="" />
   <keyValuePair key="p_width_col_write_b" value="13" description="" />
   <keyValuePair key="read_data_width_a" value="13" description="" />
   <keyValuePair key="read_data_width_b" value="13" description="" />
   <keyValuePair key="read_latency_a" value="2" description="" />
   <keyValuePair key="read_latency_b" value="2" description="" />
   <keyValuePair key="read_reset_value_a" value="0" description="" />
   <keyValuePair key="read_reset_value_b" value="0" description="" />
   <keyValuePair key="rst_mode_a" value="SYNC" description="" />
   <keyValuePair key="rst_mode_b" value="SYNC" description="" />
   <keyValuePair key="rsta_loop_iter" value="16" description="" />
   <keyValuePair key="rstb_loop_iter" value="16" description="" />
   <keyValuePair key="sim_assert_chk" value="0" description="" />
   <keyValuePair key="use_embedded_constraint" value="0" description="" />
   <keyValuePair key="use_mem_init" value="0" description="" />
   <keyValuePair key="version" value="0" description="" />
   <keyValuePair key="wakeup_time" value="0" description="" />
   <keyValuePair key="write_data_width" value="13" description="" />
   <keyValuePair key="write_data_width_a" value="13" description="" />
   <keyValuePair key="write_data_width_b" value="13" description="" />
   <keyValuePair key="write_mode_a" value="2" description="" />
   <keyValuePair key="write_mode_b" value="2" description="" />
  </section>
 </section>
 <section name="phys_opt_design_post_place" level="1" order="4" description="">
  <section name="command_line_options" level="2" order="1" description="">
   <keyValuePair key="-aggressive_hold_fix" value="default::[not_specified]" description="" />
   <keyValuePair key="-bram_register_opt" value="default::[not_specified]" description="" />
   <keyValuePair key="-clock_opt" value="default::[not_specified]" description="" />
   <keyValuePair key="-critical_cell_opt" value="default::[not_specified]" description="" />
   <keyValuePair key="-critical_pin_opt" value="default::[not_specified]" description="" />
   <keyValuePair key="-directive" value="AggressiveExplore" description="" />
   <keyValuePair key="-dsp_register_opt" value="default::[not_specified]" description="" />
   <keyValuePair key="-effort_level" value="default::[not_specified]" description="" />
   <keyValuePair key="-fanout_opt" value="default::[not_specified]" description="" />
   <keyValuePair key="-hold_fix" value="default::[not_specified]" description="" />
   <keyValuePair key="-insert_negative_edge_ffs" value="default::[not_specified]" description="" />
   <keyValuePair key="-multi_clock_opt" value="default::[not_specified]" description="" />
   <keyValuePair key="-placement_opt" value="default::[not_specified]" description="" />
   <keyValuePair key="-restruct_opt" value="default::[not_specified]" description="" />
   <keyValuePair key="-retime" value="default::[not_specified]" description="" />
   <keyValuePair key="-rewire" value="default::[not_specified]" description="" />
   <keyValuePair key="-shift_register_opt" value="default::[not_specified]" description="" />
   <keyValuePair key="-uram_register_opt" value="default::[not_specified]" description="" />
   <keyValuePair key="-verbose" value="default::[not_specified]" description="" />
   <keyValuePair key="-vhfn" value="default::[not_specified]" description="" />
  </section>
  <section name="usage" level="2" order="2" description="">
   <keyValuePair key="postths" value="-1.316607" description="" />
   <keyValuePair key="posttns" value="0.000000" description="" />
   <keyValuePair key="postwhs" value="-0.170997" description="" />
   <keyValuePair key="postwns" value="0.173206" description="" />
   <keyValuePair key="preths" value="0.000000" description="" />
   <keyValuePair key="pretns" value="0.000000" description="" />
   <keyValuePair key="prewhs" value="0.000000" description="" />
   <keyValuePair key="prewns" value="0.173206" description="" />
  </section>
 </section>
 <section name="power_opt_design" level="1" order="5" description="">
  <section name="command_line_options_spo" level="2" order="1" description="">
   <keyValuePair key="-cell_types" value="default::all" description="" />
   <keyValuePair key="-clocks" value="default::[not_specified]" description="" />
   <keyValuePair key="-exclude_cells" value="default::[not_specified]" description="" />
   <keyValuePair key="-include_cells" value="default::[not_specified]" description="" />
  </section>
  <section name="usage" level="2" order="2" description="">
   <keyValuePair key="bram_ports_augmented" value="8" description="" />
   <keyValuePair key="bram_ports_newly_gated" value="0" description="" />
   <keyValuePair key="bram_ports_total" value="32" description="" />
   <keyValuePair key="flow_state" value="default" description="" />
   <keyValuePair key="slice_registers_augmented" value="0" description="" />
   <keyValuePair key="slice_registers_newly_gated" value="0" description="" />
   <keyValuePair key="slice_registers_total" value="8299" description="" />
   <keyValuePair key="srls_augmented" value="0" description="" />
   <keyValuePair key="srls_newly_gated" value="0" description="" />
   <keyValuePair key="srls_total" value="306" description="" />
  </section>
 </section>
 <section name="report_drc" level="1" order="6" description="">
  <section name="command_line_options" level="2" order="1" description="">
   <keyValuePair key="-append" value="default::[not_specified]" description="" />
   <keyValuePair key="-checks" value="default::[not_specified]" description="" />
   <keyValuePair key="-fail_on" value="default::[not_specified]" description="" />
   <keyValuePair key="-force" value="default::[not_specified]" description="" />
   <keyValuePair key="-format" value="default::[not_specified]" description="" />
   <keyValuePair key="-internal" value="default::[not_specified]" description="" />
   <keyValuePair key="-internal_only" value="default::[not_specified]" description="" />
   <keyValuePair key="-messages" value="default::[not_specified]" description="" />
   <keyValuePair key="-name" value="default::[not_specified]" description="" />
   <keyValuePair key="-no_waivers" value="default::[not_specified]" description="" />
   <keyValuePair key="-return_string" value="default::[not_specified]" description="" />
   <keyValuePair key="-ruledecks" value="default::[not_specified]" description="" />
   <keyValuePair key="-upgrade_cw" value="default::[not_specified]" description="" />
   <keyValuePair key="-waived" value="default::[not_specified]" description="" />
  </section>
 </section>
 <section name="report_utilization" level="1" order="7" description="">
  <section name="clocking" level="2" order="1" description="">
   <keyValuePair key="bufgctrl_available" value="32" description="" />
   <keyValuePair key="bufgctrl_fixed" value="0" description="" />
   <keyValuePair key="bufgctrl_used" value="1" description="" />
   <keyValuePair key="bufgctrl_util_percentage" value="3.13" description="" />
   <keyValuePair key="bufhce_available" value="72" description="" />
   <keyValuePair key="bufhce_fixed" value="0" description="" />
   <keyValuePair key="bufhce_used" value="0" description="" />
   <keyValuePair key="bufhce_util_percentage" value="0.00" description="" />
   <keyValuePair key="bufio_available" value="16" description="" />
   <keyValuePair key="bufio_fixed" value="0" description="" />
   <keyValuePair key="bufio_used" value="0" description="" />
   <keyValuePair key="bufio_util_percentage" value="0.00" description="" />
   <keyValuePair key="bufmrce_available" value="8" description="" />
   <keyValuePair key="bufmrce_fixed" value="0" description="" />
   <keyValuePair key="bufmrce_used" value="0" description="" />
   <keyValuePair key="bufmrce_util_percentage" value="0.00" description="" />
   <keyValuePair key="bufr_available" value="16" description="" />
   <keyValuePair key="bufr_fixed" value="0" description="" />
   <keyValuePair key="bufr_used" value="0" description="" />
   <keyValuePair key="bufr_util_percentage" value="0.00" description="" />
   <keyValuePair key="mmcme2_adv_available" value="4" description="" />
   <keyValuePair key="mmcme2_adv_fixed" value="0" description="" />
   <keyValuePair key="mmcme2_adv_used" value="0" description="" />
   <keyValuePair key="mmcme2_adv_util_percentage" value="0.00" description="" />
   <keyValuePair key="plle2_adv_available" value="4" description="" />
   <keyValuePair key="plle2_adv_fixed" value="0" description="" />
   <keyValuePair key="plle2_adv_used" value="0" description="" />
   <keyValuePair key="plle2_adv_util_percentage" value="0.00" description="" />
  </section>
  <section name="dsp" level="2" order="2" description="">
   <keyValuePair key="dsps_available" value="220" description="" />
   <keyValuePair key="dsps_fixed" value="0" description="" />
   <keyValuePair key="dsps_used" value="0" description="" />
   <keyValuePair key="dsps_util_percentage" value="0.00" description="" />
  </section>
  <section name="io_standard" level="2" order="3" description="">
   <keyValuePair key="blvds_25" value="0" description="" />
   <keyValuePair key="diff_hstl_i" value="0" description="" />
   <keyValuePair key="diff_hstl_i_18" value="0" description="" />
   <keyValuePair key="diff_hstl_ii" value="0" description="" />
   <keyValuePair key="diff_hstl_ii_18" value="0" description="" />
   <keyValuePair key="diff_hsul_12" value="0" description="" />
   <keyValuePair key="diff_mobile_ddr" value="0" description="" />
   <keyValuePair key="diff_sstl135" value="0" description="" />
   <keyValuePair key="diff_sstl135_r" value="0" description="" />
   <keyValuePair key="diff_sstl15" value="1" description="" />
   <keyValuePair key="diff_sstl15_r" value="0" description="" />
   <keyValuePair key="diff_sstl18_i" value="0" description="" />
   <keyValuePair key="diff_sstl18_ii" value="0" description="" />
   <keyValuePair key="hstl_i" value="0" description="" />
   <keyValuePair key="hstl_i_18" value="0" description="" />
   <keyValuePair key="hstl_ii" value="0" description="" />
   <keyValuePair key="hstl_ii_18" value="0" description="" />
   <keyValuePair key="hsul_12" value="0" description="" />
   <keyValuePair key="lvcmos12" value="0" description="" />
   <keyValuePair key="lvcmos15" value="0" description="" />
   <keyValuePair key="lvcmos18" value="1" description="" />
   <keyValuePair key="lvcmos25" value="0" description="" />
   <keyValuePair key="lvcmos33" value="1" description="" />
   <keyValuePair key="lvds_25" value="0" description="" />
   <keyValuePair key="lvttl" value="0" description="" />
   <keyValuePair key="mini_lvds_25" value="0" description="" />
   <keyValuePair key="mobile_ddr" value="0" description="" />
   <keyValuePair key="pci33_3" value="0" description="" />
   <keyValuePair key="ppds_25" value="0" description="" />
   <keyValuePair key="rsds_25" value="0" description="" />
   <keyValuePair key="sstl135" value="0" description="" />
   <keyValuePair key="sstl135_r" value="0" description="" />
   <keyValuePair key="sstl15" value="1" description="" />
   <keyValuePair key="sstl15_r" value="0" description="" />
   <keyValuePair key="sstl18_i" value="0" description="" />
   <keyValuePair key="sstl18_ii" value="0" description="" />
   <keyValuePair key="tmds_33" value="0" description="" />
  </section>
  <section name="memory" level="2" order="4" description="">
   <keyValuePair key="block_ram_tile_available" value="140" description="" />
   <keyValuePair key="block_ram_tile_fixed" value="0" description="" />
   <keyValuePair key="block_ram_tile_used" value="13.5" description="" />
   <keyValuePair key="block_ram_tile_util_percentage" value="9.64" description="" />
   <keyValuePair key="ramb18_available" value="280" description="" />
   <keyValuePair key="ramb18_fixed" value="0" description="" />
   <keyValuePair key="ramb18_used" value="5" description="" />
   <keyValuePair key="ramb18_util_percentage" value="1.79" description="" />
   <keyValuePair key="ramb18e1_only_used" value="5" description="" />
   <keyValuePair key="ramb36_fifo_available" value="140" description="" />
   <keyValuePair key="ramb36_fifo_fixed" value="0" description="" />
   <keyValuePair key="ramb36_fifo_used" value="11" description="" />
   <keyValuePair key="ramb36_fifo_util_percentage" value="7.86" description="" />
   <keyValuePair key="ramb36e1_only_used" value="11" description="" />
  </section>
  <section name="primitives" level="2" order="5" description="">
   <keyValuePair key="bibuf_functional_category" value="IO" description="" />
   <keyValuePair key="bibuf_used" value="130" description="" />
   <keyValuePair key="bufg_functional_category" value="Clock" description="" />
   <keyValuePair key="bufg_used" value="1" description="" />
   <keyValuePair key="carry4_functional_category" value="CarryLogic" description="" />
   <keyValuePair key="carry4_used" value="558" description="" />
   <keyValuePair key="fdce_functional_category" value="Flop &amp; Latch" description="" />
   <keyValuePair key="fdce_used" value="75" description="" />
   <keyValuePair key="fdpe_functional_category" value="Flop &amp; Latch" description="" />
   <keyValuePair key="fdpe_used" value="33" description="" />
   <keyValuePair key="fdre_functional_category" value="Flop &amp; Latch" description="" />
   <keyValuePair key="fdre_used" value="8074" description="" />
   <keyValuePair key="fdse_functional_category" value="Flop &amp; Latch" description="" />
   <keyValuePair key="fdse_used" value="123" description="" />
   <keyValuePair key="lut1_functional_category" value="LUT" description="" />
   <keyValuePair key="lut1_used" value="109" description="" />
   <keyValuePair key="lut2_functional_category" value="LUT" description="" />
   <keyValuePair key="lut2_used" value="1687" description="" />
   <keyValuePair key="lut3_functional_category" value="LUT" description="" />
   <keyValuePair key="lut3_used" value="1754" description="" />
   <keyValuePair key="lut4_functional_category" value="LUT" description="" />
   <keyValuePair key="lut4_used" value="931" description="" />
   <keyValuePair key="lut5_functional_category" value="LUT" description="" />
   <keyValuePair key="lut5_used" value="984" description="" />
   <keyValuePair key="lut6_functional_category" value="LUT" description="" />
   <keyValuePair key="lut6_used" value="1026" description="" />
   <keyValuePair key="ps7_functional_category" value="Specialized Resource" description="" />
   <keyValuePair key="ps7_used" value="1" description="" />
   <keyValuePair key="ramb18e1_functional_category" value="Block Memory" description="" />
   <keyValuePair key="ramb18e1_used" value="5" description="" />
   <keyValuePair key="ramb36e1_functional_category" value="Block Memory" description="" />
   <keyValuePair key="ramb36e1_used" value="11" description="" />
   <keyValuePair key="ramd32_functional_category" value="Distributed Memory" description="" />
   <keyValuePair key="ramd32_used" value="32" description="" />
   <keyValuePair key="rams32_functional_category" value="Distributed Memory" description="" />
   <keyValuePair key="rams32_used" value="10" description="" />
   <keyValuePair key="srl16e_functional_category" value="Distributed Memory" description="" />
   <keyValuePair key="srl16e_used" value="213" description="" />
   <keyValuePair key="srlc32e_functional_category" value="Distributed Memory" description="" />
   <keyValuePair key="srlc32e_used" value="93" description="" />
  </section>
  <section name="slice_logic" level="2" order="6" description="">
   <keyValuePair key="f7_muxes_available" value="26600" description="" />
   <keyValuePair key="f7_muxes_fixed" value="0" description="" />
   <keyValuePair key="f7_muxes_used" value="0" description="" />
   <keyValuePair key="f7_muxes_util_percentage" value="0.00" description="" />
   <keyValuePair key="f8_muxes_available" value="13300" description="" />
   <keyValuePair key="f8_muxes_fixed" value="0" description="" />
   <keyValuePair key="f8_muxes_used" value="0" description="" />
   <keyValuePair key="f8_muxes_util_percentage" value="0.00" description="" />
   <keyValuePair key="lut_as_distributed_ram_fixed" value="0" description="" />
   <keyValuePair key="lut_as_distributed_ram_fixed" value="0" description="" />
   <keyValuePair key="lut_as_distributed_ram_used" value="22" description="" />
   <keyValuePair key="lut_as_distributed_ram_used" value="22" description="" />
   <keyValuePair key="lut_as_logic_available" value="53200" description="" />
   <keyValuePair key="lut_as_logic_available" value="53200" description="" />
   <keyValuePair key="lut_as_logic_fixed" value="0" description="" />
   <keyValuePair key="lut_as_logic_fixed" value="0" description="" />
   <keyValuePair key="lut_as_logic_used" value="5302" description="" />
   <keyValuePair key="lut_as_logic_used" value="5302" description="" />
   <keyValuePair key="lut_as_logic_util_percentage" value="9.97" description="" />
   <keyValuePair key="lut_as_logic_util_percentage" value="9.97" description="" />
   <keyValuePair key="lut_as_memory_available" value="17400" description="" />
   <keyValuePair key="lut_as_memory_available" value="17400" description="" />
   <keyValuePair key="lut_as_memory_fixed" value="0" description="" />
   <keyValuePair key="lut_as_memory_fixed" value="0" description="" />
   <keyValuePair key="lut_as_memory_used" value="240" description="" />
   <keyValuePair key="lut_as_memory_used" value="240" description="" />
   <keyValuePair key="lut_as_memory_util_percentage" value="1.38" description="" />
   <keyValuePair key="lut_as_memory_util_percentage" value="1.38" description="" />
   <keyValuePair key="lut_as_shift_register_fixed" value="0" description="" />
   <keyValuePair key="lut_as_shift_register_fixed" value="0" description="" />
   <keyValuePair key="lut_as_shift_register_used" value="218" description="" />
   <keyValuePair key="lut_as_shift_register_used" value="218" description="" />
   <keyValuePair key="lut_in_front_of_the_register_is_unused_fixed" value="218" description="" />
   <keyValuePair key="lut_in_front_of_the_register_is_unused_used" value="2688" description="" />
   <keyValuePair key="lut_in_front_of_the_register_is_used_fixed" value="2688" description="" />
   <keyValuePair key="lut_in_front_of_the_register_is_used_used" value="968" description="" />
   <keyValuePair key="register_as_flip_flop_available" value="106400" description="" />
   <keyValuePair key="register_as_flip_flop_fixed" value="0" description="" />
   <keyValuePair key="register_as_flip_flop_used" value="8305" description="" />
   <keyValuePair key="register_as_flip_flop_util_percentage" value="7.81" description="" />
   <keyValuePair key="register_as_latch_available" value="106400" description="" />
   <keyValuePair key="register_as_latch_fixed" value="0" description="" />
   <keyValuePair key="register_as_latch_used" value="0" description="" />
   <keyValuePair key="register_as_latch_util_percentage" value="0.00" description="" />
   <keyValuePair key="register_driven_from_outside_the_slice_fixed" value="968" description="" />
   <keyValuePair key="register_driven_from_outside_the_slice_used" value="3656" description="" />
   <keyValuePair key="register_driven_from_within_the_slice_fixed" value="3656" description="" />
   <keyValuePair key="register_driven_from_within_the_slice_used" value="4649" description="" />
   <keyValuePair key="slice_available" value="13300" description="" />
   <keyValuePair key="slice_fixed" value="0" description="" />
   <keyValuePair key="slice_luts_available" value="53200" description="" />
   <keyValuePair key="slice_luts_fixed" value="0" description="" />
   <keyValuePair key="slice_luts_used" value="5542" description="" />
   <keyValuePair key="slice_luts_util_percentage" value="10.42" description="" />
   <keyValuePair key="slice_registers_available" value="106400" description="" />
   <keyValuePair key="slice_registers_available" value="106400" description="" />
   <keyValuePair key="slice_registers_fixed" value="0" description="" />
   <keyValuePair key="slice_registers_fixed" value="0" description="" />
   <keyValuePair key="slice_registers_used" value="8305" description="" />
   <keyValuePair key="slice_registers_used" value="8305" description="" />
   <keyValuePair key="slice_registers_util_percentage" value="7.81" description="" />
   <keyValuePair key="slice_registers_util_percentage" value="7.81" description="" />
   <keyValuePair key="slice_used" value="2435" description="" />
   <keyValuePair key="slice_util_percentage" value="18.31" description="" />
   <keyValuePair key="slicel_fixed" value="0" description="" />
   <keyValuePair key="slicel_used" value="1508" description="" />
   <keyValuePair key="slicem_fixed" value="0" description="" />
   <keyValuePair key="slicem_used" value="927" description="" />
   <keyValuePair key="unique_control_sets_available" value="13300" description="" />
   <keyValuePair key="unique_control_sets_fixed" value="13300" description="" />
   <keyValuePair key="unique_control_sets_used" value="306" description="" />
   <keyValuePair key="unique_control_sets_util_percentage" value="2.30" description="" />
   <keyValuePair key="using_o5_and_o6_fixed" value="2.30" description="" />
   <keyValuePair key="using_o5_and_o6_used" value="88" description="" />
   <keyValuePair key="using_o5_output_only_fixed" value="88" description="" />
   <keyValuePair key="using_o5_output_only_used" value="0" description="" />
   <keyValuePair key="using_o6_output_only_fixed" value="0" description="" />
   <keyValuePair key="using_o6_output_only_used" value="130" description="" />
  </section>
  <section name="specific_feature" level="2" order="7" description="">
   <keyValuePair key="bscane2_available" value="4" description="" />
   <keyValuePair key="bscane2_fixed" value="0" description="" />
   <keyValuePair key="bscane2_used" value="0" description="" />
   <keyValuePair key="bscane2_util_percentage" value="0.00" description="" />
   <keyValuePair key="capturee2_available" value="1" description="" />
   <keyValuePair key="capturee2_fixed" value="0" description="" />
   <keyValuePair key="capturee2_used" value="0" description="" />
   <keyValuePair key="capturee2_util_percentage" value="0.00" description="" />
   <keyValuePair key="dna_port_available" value="1" description="" />
   <keyValuePair key="dna_port_fixed" value="0" description="" />
   <keyValuePair key="dna_port_used" value="0" description="" />
   <keyValuePair key="dna_port_util_percentage" value="0.00" description="" />
   <keyValuePair key="efuse_usr_available" value="1" description="" />
   <keyValuePair key="efuse_usr_fixed" value="0" description="" />
   <keyValuePair key="efuse_usr_used" value="0" description="" />
   <keyValuePair key="efuse_usr_util_percentage" value="0.00" description="" />
   <keyValuePair key="frame_ecce2_available" value="1" description="" />
   <keyValuePair key="frame_ecce2_fixed" value="0" description="" />
   <keyValuePair key="frame_ecce2_used" value="0" description="" />
   <keyValuePair key="frame_ecce2_util_percentage" value="0.00" description="" />
   <keyValuePair key="icape2_available" value="2" description="" />
   <keyValuePair key="icape2_fixed" value="0" description="" />
   <keyValuePair key="icape2_used" value="0" description="" />
   <keyValuePair key="icape2_util_percentage" value="0.00" description="" />
   <keyValuePair key="startupe2_available" value="1" description="" />
   <keyValuePair key="startupe2_fixed" value="0" description="" />
   <keyValuePair key="startupe2_used" value="0" description="" />
   <keyValuePair key="startupe2_util_percentage" value="0.00" description="" />
   <keyValuePair key="xadc_available" value="1" description="" />
   <keyValuePair key="xadc_fixed" value="0" description="" />
   <keyValuePair key="xadc_used" value="0" description="" />
   <keyValuePair key="xadc_util_percentage" value="0.00" description="" />
  </section>
 </section>
 <section name="synthesis" level="1" order="8" description="">
  <section name="command_line_options" level="2" order="1" description="">
   <keyValuePair key="-assert" value="default::[not_specified]" description="" />
   <keyValuePair key="-bufg" value="default::12" description="" />
   <keyValuePair key="-cascade_dsp" value="default::auto" description="" />
   <keyValuePair key="-constrset" value="default::[not_specified]" description="" />
   <keyValuePair key="-control_set_opt_threshold" value="default::auto" description="" />
   <keyValuePair key="-directive" value="default::default" description="" />
   <keyValuePair key="-fanout_limit" value="default::10000" description="" />
   <keyValuePair key="-flatten_hierarchy" value="default::rebuilt" description="" />
   <keyValuePair key="-fsm_extraction" value="default::auto" description="" />
   <keyValuePair key="-gated_clock_conversion" value="default::off" description="" />
   <keyValuePair key="-generic" value="default::[not_specified]" description="" />
   <keyValuePair key="-include_dirs" value="default::[not_specified]" description="" />
   <keyValuePair key="-keep_equivalent_registers" value="default::[not_specified]" description="" />
   <keyValuePair key="-max_bram" value="default::-1" description="" />
   <keyValuePair key="-max_bram_cascade_height" value="default::-1" description="" />
   <keyValuePair key="-max_dsp" value="default::-1" description="" />
   <keyValuePair key="-max_uram" value="default::-1" description="" />
   <keyValuePair key="-max_uram_cascade_height" value="default::-1" description="" />
   <keyValuePair key="-mode" value="default::default" description="" />
   <keyValuePair key="-name" value="default::[not_specified]" description="" />
   <keyValuePair key="-no_lc" value="default::[not_specified]" description="" />
   <keyValuePair key="-no_srlextract" value="default::[not_specified]" description="" />
   <keyValuePair key="-no_timing_driven" value="default::[not_specified]" description="" />
   <keyValuePair key="-part" value="xc7z020clg400-1" description="" />
   <keyValuePair key="-resource_sharing" value="default::auto" description="" />
   <keyValuePair key="-retiming" value="default::[not_specified]" description="" />
   <keyValuePair key="-rtl" value="default::[not_specified]" description="" />
   <keyValuePair key="-rtl_skip_constraints" value="default::[not_specified]" description="" />
   <keyValuePair key="-rtl_skip_ip" value="default::[not_specified]" description="" />
   <keyValuePair key="-seu_protect" value="default::none" description="" />
   <keyValuePair key="-sfcu" value="default::[not_specified]" description="" />
   <keyValuePair key="-shreg_min_size" value="default::3" description="" />
   <keyValuePair key="-top" value="design_1_wrapper" description="" />
   <keyValuePair key="-verilog_define" value="default::[not_specified]" description="" />
  </section>
  <section name="usage" level="2" order="2" description="">
   <keyValuePair key="elapsed" value="00:00:41s" description="" />
   <keyValuePair key="hls_ip" value="0" description="" />
   <keyValuePair key="memory_gain" value="617.562MB" description="" />
   <keyValuePair key="memory_peak" value="2082.055MB" description="" />
  </section>
 </section>
 <section name="unisim_transformation" level="1" order="9" description="">
  <section name="post_unisim_transformation" level="2" order="1" description="">
   <keyValuePair key="bibuf" value="130" description="" />
   <keyValuePair key="bufg" value="1" description="" />
   <keyValuePair key="carry4" value="584" description="" />
   <keyValuePair key="fdce" value="69" description="" />
   <keyValuePair key="fdpe" value="33" description="" />
   <keyValuePair key="fdre" value="8754" description="" />
   <keyValuePair key="fdse" value="136" description="" />
   <keyValuePair key="gnd" value="187" description="" />
   <keyValuePair key="lut1" value="290" description="" />
   <keyValuePair key="lut2" value="1699" description="" />
   <keyValuePair key="lut3" value="1865" description="" />
   <keyValuePair key="lut4" value="948" description="" />
   <keyValuePair key="lut5" value="1126" description="" />
   <keyValuePair key="lut6" value="1206" description="" />
   <keyValuePair key="ps7" value="1" description="" />
   <keyValuePair key="ramb18e1" value="5" description="" />
   <keyValuePair key="ramb36e1" value="11" description="" />
   <keyValuePair key="ramd32" value="32" description="" />
   <keyValuePair key="rams32" value="10" description="" />
   <keyValuePair key="srl16e" value="212" description="" />
   <keyValuePair key="srlc32e" value="106" description="" />
   <keyValuePair key="vcc" value="193" description="" />
  </section>
  <section name="pre_unisim_transformation" level="2" order="2" description="">
   <keyValuePair key="bibuf" value="130" description="" />
   <keyValuePair key="bufg" value="1" description="" />
   <keyValuePair key="carry4" value="584" description="" />
   <keyValuePair key="fdce" value="69" description="" />
   <keyValuePair key="fdpe" value="33" description="" />
   <keyValuePair key="fdre" value="8754" description="" />
   <keyValuePair key="fdse" value="136" description="" />
   <keyValuePair key="gnd" value="187" description="" />
   <keyValuePair key="lut1" value="290" description="" />
   <keyValuePair key="lut2" value="1699" description="" />
   <keyValuePair key="lut3" value="1865" description="" />
   <keyValuePair key="lut4" value="948" description="" />
   <keyValuePair key="lut5" value="1126" description="" />
   <keyValuePair key="lut6" value="1206" description="" />
   <keyValuePair key="ps7" value="1" description="" />
   <keyValuePair key="ram32m" value="5" description="" />
   <keyValuePair key="ram32x1d" value="1" description="" />
   <keyValuePair key="ramb18e1" value="5" description="" />
   <keyValuePair key="ramb36e1" value="11" description="" />
   <keyValuePair key="srl16e" value="212" description="" />
   <keyValuePair key="srlc32e" value="106" description="" />
   <keyValuePair key="vcc" value="193" description="" />
  </section>
 </section>
 <section name="vivado_usage" level="1" order="10" description="">
  <section name="gui_handlers" level="2" order="1" description="">
   <keyValuePair key="abstractfileview_close" value="1" description="" />
   <keyValuePair key="addrepositoryinfodialog_ok" value="1" description="" />
   <keyValuePair key="applyrsbmultiautomationdialog_checkbox_tree" value="4" description="" />
   <keyValuePair key="basedialog_apply" value="21" description="" />
   <keyValuePair key="basedialog_cancel" value="18" description="" />
   <keyValuePair key="basedialog_close" value="2" description="" />
   <keyValuePair key="basedialog_no" value="8" description="" />
   <keyValuePair key="basedialog_ok" value="142" description="" />
   <keyValuePair key="basedialog_yes" value="25" description="" />
   <keyValuePair key="basereporttab_rerun" value="9" description="" />
   <keyValuePair key="boardchooser_board_table" value="1" description="" />
   <keyValuePair key="boardchooser_vendor" value="1" description="" />
   <keyValuePair key="clkconfigmainpanel_tabbed_pane" value="4" description="" />
   <keyValuePair key="clkconfigtreetablepanel_clk_config_tree_table" value="98" description="" />
   <keyValuePair key="cmdmsgdialog_ok" value="2" description="" />
   <keyValuePair key="confirmdelete_select_all" value="2" description="" />
   <keyValuePair key="coretreetablepanel_core_tree_table" value="3" description="" />
   <keyValuePair key="customizecoredialog_documentation" value="2" description="" />
   <keyValuePair key="exploreaheadview_launch_selected_runs" value="2" description="" />
   <keyValuePair key="expreporttreepanel_exp_report_tree_table" value="24" description="" />
   <keyValuePair key="expruntreepanel_exp_run_tree_table" value="93" description="" />
   <keyValuePair key="filesetpanel_file_set_panel_tree" value="45" description="" />
   <keyValuePair key="flownavigatortreepanel_flow_navigator_tree" value="7" description="" />
   <keyValuePair key="gensettingtreetablepanel_gen_setting_tree_table" value="65" description="" />
   <keyValuePair key="gictreetablepanel_gic_tree_table" value="3" description="" />
   <keyValuePair key="hacgcipsymbol_show_disabled_ports" value="7" description="" />
   <keyValuePair key="hpopuptitle_close" value="3" description="" />
   <keyValuePair key="incrementalrunpanel_turn_incremental_implementation_on" value="2" description="" />
   <keyValuePair key="ipicomponentname_component_name" value="1" description="" />
   <keyValuePair key="ipstatussectionpanel_upgrade_selected" value="5" description="" />
   <keyValuePair key="ipstatustablepanel_ip_status_table" value="1" description="" />
   <keyValuePair key="mainmenumgr_design_hubs" value="1" description="" />
   <keyValuePair key="mainmenumgr_edit" value="4" description="" />
   <keyValuePair key="mainmenumgr_file" value="7" description="" />
   <keyValuePair key="mainmenumgr_flow" value="111" description="" />
   <keyValuePair key="mainmenumgr_help" value="10" description="" />
   <keyValuePair key="mainmenumgr_open" value="44" description="" />
   <keyValuePair key="mainmenumgr_open_block_design" value="34" description="" />
   <keyValuePair key="mainmenumgr_open_recent_project" value="1" description="" />
   <keyValuePair key="mainmenumgr_project" value="3" description="" />
   <keyValuePair key="mainmenumgr_reports" value="114" description="" />
   <keyValuePair key="mainmenumgr_settings" value="34" description="" />
   <keyValuePair key="mainmenumgr_tools" value="143" description="" />
   <keyValuePair key="mainmenumgr_view" value="22" description="" />
   <keyValuePair key="mainmenumgr_window" value="58" description="" />
   <keyValuePair key="maintoolbarmgr_run" value="2" description="" />
   <keyValuePair key="mainwinmenumgr_layout" value="33" description="" />
   <keyValuePair key="mioconfigtreetablepanel_mio_config_tree_table" value="8" description="" />
   <keyValuePair key="newprojectwizard_post_synthesis_project_you_will_be" value="2" description="" />
   <keyValuePair key="newprojectwizard_rtl_project_you_will_be_able_to_add" value="2" description="" />
   <keyValuePair key="numjobschooser_number_of_jobs" value="1" description="" />
   <keyValuePair key="pacommandnames_auto_update_hier" value="1" description="" />
   <keyValuePair key="pacommandnames_create_top_hdl" value="1" description="" />
   <keyValuePair key="pacommandnames_customize_rsb_bloc" value="1" description="" />
   <keyValuePair key="pacommandnames_design_ahead" value="1" description="" />
   <keyValuePair key="pacommandnames_language_templates" value="1" description="" />
   <keyValuePair key="pacommandnames_new_project" value="1" description="" />
   <keyValuePair key="pacommandnames_open_project" value="1" description="" />
   <keyValuePair key="pacommandnames_reports_window" value="8" description="" />
   <keyValuePair key="pacommandnames_run_bitgen" value="14" description="" />
   <keyValuePair key="pacommandnames_run_implementation" value="10" description="" />
   <keyValuePair key="pacommandnames_set_as_top" value="1" description="" />
   <keyValuePair key="pacommandnames_simulation_run" value="38" description="" />
   <keyValuePair key="pacommandnames_validate_rsb_design" value="1" description="" />
   <keyValuePair key="pacommandnames_zoom_fit" value="22" description="" />
   <keyValuePair key="paviews_par_report" value="2" description="" />
   <keyValuePair key="paviews_project_summary" value="8" description="" />
   <keyValuePair key="programoptionspanelimpl_description" value="1" description="" />
   <keyValuePair key="programoptionspanelimpl_strategy" value="10" description="" />
   <keyValuePair key="projectnamechooser_choose_project_location" value="1" description="" />
   <keyValuePair key="projectnamechooser_project_name" value="1" description="" />
   <keyValuePair key="rdicommands_custom_commands" value="15" description="" />
   <keyValuePair key="rdicommands_properties" value="1" description="" />
   <keyValuePair key="rdicommands_settings" value="13" description="" />
   <keyValuePair key="rsbapplyautomationbar_run_block_automation" value="4" description="" />
   <keyValuePair key="rsbapplyautomationbar_run_connection_automation" value="6" description="" />
   <keyValuePair key="saveprojectutils_save" value="8" description="" />
   <keyValuePair key="selectmenu_highlight" value="5" description="" />
   <keyValuePair key="settingsdialog_project_tree" value="11" description="" />
   <keyValuePair key="settingsprojectiprepositorypage_add_repository" value="1" description="" />
   <keyValuePair key="settingsprojectrunpage_choose_report_strategy" value="4" description="" />
   <keyValuePair key="simpleoutputproductdialog_generate_output_products_immediately" value="6" description="" />
   <keyValuePair key="srcmenu_ip_hierarchy" value="1" description="" />
   <keyValuePair key="syntheticagettingstartedview_recent_projects" value="7" description="" />
   <keyValuePair key="systembuildermenu_ip_documentation" value="2" description="" />
   <keyValuePair key="systembuildermenu_select_all" value="3" description="" />
   <keyValuePair key="systembuilderview_add_ip" value="13" description="" />
   <keyValuePair key="systembuilderview_expand_collapse" value="3" description="" />
   <keyValuePair key="systembuilderview_orientation" value="1" description="" />
   <keyValuePair key="systembuilderview_pinning" value="2" description="" />
   <keyValuePair key="systemtab_report_ip_status" value="5" description="" />
   <keyValuePair key="systemtreeview_system_tree" value="3" description="" />
  </section>
  <section name="java_command_handlers" level="2" order="2" description="">
   <keyValuePair key="createblockdesign" value="1" description="" />
   <keyValuePair key="createtophdl" value="1" description="" />
   <keyValuePair key="customizersbblock" value="27" description="" />
   <keyValuePair key="editdelete" value="4" description="" />
   <keyValuePair key="editproperties" value="1" description="" />
   <keyValuePair key="newproject" value="1" description="" />
   <keyValuePair key="openblockdesign" value="2" description="" />
   <keyValuePair key="openproject" value="1" description="" />
   <keyValuePair key="reportipstatus" value="5" description="" />
   <keyValuePair key="runbitgen" value="18" description="" />
   <keyValuePair key="runimplementation" value="11" description="" />
   <keyValuePair key="saversbdesign" value="9" description="" />
   <keyValuePair key="settopnode" value="1" description="" />
   <keyValuePair key="showview" value="26" description="" />
   <keyValuePair key="toolssettings" value="13" description="" />
   <keyValuePair key="toolstemplates" value="1" description="" />
   <keyValuePair key="upgradeip" value="5" description="" />
   <keyValuePair key="validatersbdesign" value="1" description="" />
   <keyValuePair key="zoomfit" value="18" description="" />
  </section>
  <section name="other_data" level="2" order="3" description="">
   <keyValuePair key="guimode" value="8" description="" />
  </section>
  <section name="project_data" level="2" order="4" description="">
   <keyValuePair key="constraintsetcount" value="0" description="" />
   <keyValuePair key="core_container" value="false" description="" />
   <keyValuePair key="currentimplrun" value="impl_1" description="" />
   <keyValuePair key="currentsynthesisrun" value="synth_1" description="" />
   <keyValuePair key="default_library" value="xil_defaultlib" description="" />
   <keyValuePair key="designmode" value="RTL" description="" />
   <keyValuePair key="export_simulation_activehdl" value="5" description="" />
   <keyValuePair key="export_simulation_ies" value="5" description="" />
   <keyValuePair key="export_simulation_modelsim" value="5" description="" />
   <keyValuePair key="export_simulation_questa" value="5" description="" />
   <keyValuePair key="export_simulation_riviera" value="5" description="" />
   <keyValuePair key="export_simulation_vcs" value="5" description="" />
   <keyValuePair key="export_simulation_xsim" value="5" description="" />
   <keyValuePair key="implstrategy" value="Performance_NetDelay_high" description="" />
   <keyValuePair key="launch_simulation_activehdl" value="0" description="" />
   <keyValuePair key="launch_simulation_ies" value="0" description="" />
   <keyValuePair key="launch_simulation_modelsim" value="0" description="" />
   <keyValuePair key="launch_simulation_questa" value="0" description="" />
   <keyValuePair key="launch_simulation_riviera" value="0" description="" />
   <keyValuePair key="launch_simulation_vcs" value="0" description="" />
   <keyValuePair key="launch_simulation_xsim" value="0" description="" />
   <keyValuePair key="simulator_language" value="Mixed" description="" />
   <keyValuePair key="srcsetcount" value="2" description="" />
   <keyValuePair key="synthesisstrategy" value="Vivado Synthesis Defaults" description="" />
   <keyValuePair key="target_language" value="Verilog" description="" />
   <keyValuePair key="target_simulator" value="XSim" description="" />
   <keyValuePair key="totalimplruns" value="2" description="" />
   <keyValuePair key="totalsynthesisruns" value="2" description="" />
  </section>
 </section>
</section>
</webTalkData>
